"order_id","product_id","name"
"1","14","Vòng cổ chống ve rận cho chó"
"2","18","Khăn ướt vệ sinh thú cưng"
"3","4","Vitamin tổng hợp cho mèo"
"3","5","Thuốc tẩy giun cho mèo"
"3","6","Sữa tắm cho mèo"
"4","1","Hạt mèo Whiskas 1kg"
"4","2","Pate mèo cá ngừ"
"4","3","Cát vệ sinh mèo 10L"
"5","18","Khăn ướt vệ sinh thú cưng"
"5","8","Hạt chó Pedigree 3kg"
"5","8","Hạt chó Pedigree 3kg"
"6","20","Bát ăn inox cho chó mèo"
"6","20","Bát ăn inox cho chó mèo"
"6","20","Bát ăn inox cho chó mèo"
"7","15","Thuốc nhỏ mắt thú cưng"
"7","15","Thuốc nhỏ mắt thú cưng"
"8","12","Thuốc tiêu chảy cho chó"
"8","15","Thuốc nhỏ mắt thú cưng"
"9","1","Hạt mèo Whiskas 1kg"
"9","2","Pate mèo cá ngừ"
"9","3","Cát vệ sinh mèo 10L"
"10","1","Hạt mèo Whiskas 1kg"
"10","2","Pate mèo cá ngừ"
"10","3","Cát vệ sinh mèo 10L"
"11","1","Hạt mèo Whiskas 1kg"
"11","2","Pate mèo cá ngừ"
"11","3","Cát vệ sinh mèo 10L"
"12","11","Vitamin tăng đề kháng cho chó"
"12","7","Đồ chơi chuột giả cho mèo"
"13","1","Hạt mèo Whiskas 1kg"
"13","2","Pate mèo cá ngừ"
"14","1","Hạt mèo Whiskas 1kg"
"14","2","Pate mèo cá ngừ"
"14","3","Cát vệ sinh mèo 10L"
"15","17","Bình sữa cho thú con"
"15","11","Vitamin tăng đề kháng cho chó"
"16","1","Hạt mèo Whiskas 1kg"
"16","2","Pate mèo cá ngừ"
"16","3","Cát vệ sinh mèo 10L"
"17","13","Sữa tắm cho chó"
"18","4","Vitamin tổng hợp cho mèo"
"18","5","Thuốc tẩy giun cho mèo"
"18","6","Sữa tắm cho mèo"
"19","4","Vitamin tổng hợp cho mèo"
"19","5","Thuốc tẩy giun cho mèo"
"20","4","Vitamin tổng hợp cho mèo"
"20","5","Thuốc tẩy giun cho mèo"
"21","1","Hạt mèo Whiskas 1kg"
"21","2","Pate mèo cá ngừ"
"21","3","Cát vệ sinh mèo 10L"
"22","4","Vitamin tổng hợp cho mèo"
"22","5","Thuốc tẩy giun cho mèo"
"23","4","Vitamin tổng hợp cho mèo"
"23","5","Thuốc tẩy giun cho mèo"
"24","4","Vitamin tổng hợp cho mèo"
"24","5","Thuốc tẩy giun cho mèo"
"24","6","Sữa tắm cho mèo"
"25","16","Men tiêu hóa thú cưng"
"26","1","Hạt mèo Whiskas 1kg"
"26","2","Pate mèo cá ngừ"
"26","3","Cát vệ sinh mèo 10L"
"27","4","Vitamin tổng hợp cho mèo"
"27","5","Thuốc tẩy giun cho mèo"
"28","4","Vitamin tổng hợp cho mèo"
"28","5","Thuốc tẩy giun cho mèo"
"28","6","Sữa tắm cho mèo"
"29","1","Hạt mèo Whiskas 1kg"
"29","2","Pate mèo cá ngừ"
"30","15","Thuốc nhỏ mắt thú cưng"
"31","4","Vitamin tổng hợp cho mèo"
"31","5","Thuốc tẩy giun cho mèo"
"32","1","Hạt mèo Whiskas 1kg"
"32","2","Pate mèo cá ngừ"
"32","3","Cát vệ sinh mèo 10L"
"33","4","Vitamin tổng hợp cho mèo"
"33","5","Thuốc tẩy giun cho mèo"
"33","6","Sữa tắm cho mèo"
"34","15","Thuốc nhỏ mắt thú cưng"
"34","7","Đồ chơi chuột giả cho mèo"
"34","10","Xương gặm sạch răng cho chó"
"35","4","Vitamin tổng hợp cho mèo"
"36","4","Vitamin tổng hợp cho mèo"
"36","5","Thuốc tẩy giun cho mèo"
"37","1","Hạt mèo Whiskas 1kg"
"37","2","Pate mèo cá ngừ"
"37","3","Cát vệ sinh mèo 10L"
"38","1","Hạt mèo Whiskas 1kg"
"38","2","Pate mèo cá ngừ"
"38","3","Cát vệ sinh mèo 10L"
"39","4","Vitamin tổng hợp cho mèo"
"39","5","Thuốc tẩy giun cho mèo"
"39","6","Sữa tắm cho mèo"
"40","4","Vitamin tổng hợp cho mèo"
"40","5","Thuốc tẩy giun cho mèo"
"41","17","Bình sữa cho thú con"
"42","4","Vitamin tổng hợp cho mèo"
"42","5","Thuốc tẩy giun cho mèo"
"42","6","Sữa tắm cho mèo"
"43","10","Xương gặm sạch răng cho chó"
"43","20","Bát ăn inox cho chó mèo"
"44","4","Vitamin tổng hợp cho mèo"
"44","5","Thuốc tẩy giun cho mèo"
"44","6","Sữa tắm cho mèo"
"45","4","Vitamin tổng hợp cho mèo"
"45","5","Thuốc tẩy giun cho mèo"
"45","6","Sữa tắm cho mèo"
"46","18","Khăn ướt vệ sinh thú cưng"
"46","19","Lồng vận chuyển thú cưng"
"46","7","Đồ chơi chuột giả cho mèo"
"47","1","Hạt mèo Whiskas 1kg"
"47","2","Pate mèo cá ngừ"
"48","1","Hạt mèo Whiskas 1kg"
"48","2","Pate mèo cá ngừ"
"48","3","Cát vệ sinh mèo 10L"
"49","1","Hạt mèo Whiskas 1kg"
"49","2","Pate mèo cá ngừ"
"49","3","Cát vệ sinh mèo 10L"
"50","4","Vitamin tổng hợp cho mèo"
"50","6","Sữa tắm cho mèo"
"51","1","Hạt mèo Whiskas 1kg"
"51","2","Pate mèo cá ngừ"
"51","3","Cát vệ sinh mèo 10L"
"52","4","Vitamin tổng hợp cho mèo"
"52","5","Thuốc tẩy giun cho mèo"
"53","1","Hạt mèo Whiskas 1kg"
"53","2","Pate mèo cá ngừ"
"53","3","Cát vệ sinh mèo 10L"
"54","1","Hạt mèo Whiskas 1kg"
"54","2","Pate mèo cá ngừ"
"54","3","Cát vệ sinh mèo 10L"
"55","1","Hạt mèo Whiskas 1kg"
"55","2","Pate mèo cá ngừ"
"55","3","Cát vệ sinh mèo 10L"
"56","4","Vitamin tổng hợp cho mèo"
"56","5","Thuốc tẩy giun cho mèo"
"57","1","Hạt mèo Whiskas 1kg"
"57","2","Pate mèo cá ngừ"
"57","3","Cát vệ sinh mèo 10L"
"58","1","Hạt mèo Whiskas 1kg"
"58","2","Pate mèo cá ngừ"
"59","4","Vitamin tổng hợp cho mèo"
"60","14","Vòng cổ chống ve rận cho chó"
"60","14","Vòng cổ chống ve rận cho chó"
"60","9","Pate chó vị bò"
"61","1","Hạt mèo Whiskas 1kg"
"61","2","Pate mèo cá ngừ"
"62","4","Vitamin tổng hợp cho mèo"
"62","5","Thuốc tẩy giun cho mèo"
"63","1","Hạt mèo Whiskas 1kg"
"63","2","Pate mèo cá ngừ"
"63","3","Cát vệ sinh mèo 10L"
"64","4","Vitamin tổng hợp cho mèo"
"64","5","Thuốc tẩy giun cho mèo"
"64","6","Sữa tắm cho mèo"
"65","1","Hạt mèo Whiskas 1kg"
"65","2","Pate mèo cá ngừ"
"65","3","Cát vệ sinh mèo 10L"
"66","4","Vitamin tổng hợp cho mèo"
"66","5","Thuốc tẩy giun cho mèo"
"67","4","Vitamin tổng hợp cho mèo"
"67","5","Thuốc tẩy giun cho mèo"
"68","15","Thuốc nhỏ mắt thú cưng"
"69","9","Pate chó vị bò"
"69","18","Khăn ướt vệ sinh thú cưng"
"70","4","Vitamin tổng hợp cho mèo"
"71","20","Bát ăn inox cho chó mèo"
"71","18","Khăn ướt vệ sinh thú cưng"
"71","9","Pate chó vị bò"
"72","4","Vitamin tổng hợp cho mèo"
"72","5","Thuốc tẩy giun cho mèo"
"73","4","Vitamin tổng hợp cho mèo"
"73","5","Thuốc tẩy giun cho mèo"
"73","6","Sữa tắm cho mèo"
"74","1","Hạt mèo Whiskas 1kg"
"74","2","Pate mèo cá ngừ"
"74","3","Cát vệ sinh mèo 10L"
"75","1","Hạt mèo Whiskas 1kg"
"75","2","Pate mèo cá ngừ"
"75","3","Cát vệ sinh mèo 10L"
"76","18","Khăn ướt vệ sinh thú cưng"
"77","4","Vitamin tổng hợp cho mèo"
"77","5","Thuốc tẩy giun cho mèo"
"78","1","Hạt mèo Whiskas 1kg"
"78","2","Pate mèo cá ngừ"
"79","9","Pate chó vị bò"
"79","16","Men tiêu hóa thú cưng"
"80","4","Vitamin tổng hợp cho mèo"
"80","5","Thuốc tẩy giun cho mèo"
"81","1","Hạt mèo Whiskas 1kg"
"81","2","Pate mèo cá ngừ"
"82","1","Hạt mèo Whiskas 1kg"
"82","2","Pate mèo cá ngừ"
"82","3","Cát vệ sinh mèo 10L"
"83","4","Vitamin tổng hợp cho mèo"
"83","5","Thuốc tẩy giun cho mèo"
"84","1","Hạt mèo Whiskas 1kg"
"84","2","Pate mèo cá ngừ"
"84","3","Cát vệ sinh mèo 10L"
"85","4","Vitamin tổng hợp cho mèo"
"85","5","Thuốc tẩy giun cho mèo"
"86","1","Hạt mèo Whiskas 1kg"
"86","2","Pate mèo cá ngừ"
"86","3","Cát vệ sinh mèo 10L"
"87","1","Hạt mèo Whiskas 1kg"
"87","2","Pate mèo cá ngừ"
"87","3","Cát vệ sinh mèo 10L"
"88","1","Hạt mèo Whiskas 1kg"
"88","2","Pate mèo cá ngừ"
"89","1","Hạt mèo Whiskas 1kg"
"89","2","Pate mèo cá ngừ"
"90","12","Thuốc tiêu chảy cho chó"
"90","7","Đồ chơi chuột giả cho mèo"
"91","1","Hạt mèo Whiskas 1kg"
"91","2","Pate mèo cá ngừ"
"91","3","Cát vệ sinh mèo 10L"
"92","15","Thuốc nhỏ mắt thú cưng"
"92","19","Lồng vận chuyển thú cưng"
"93","12","Thuốc tiêu chảy cho chó"
"93","7","Đồ chơi chuột giả cho mèo"
"93","7","Đồ chơi chuột giả cho mèo"
"94","4","Vitamin tổng hợp cho mèo"
"94","5","Thuốc tẩy giun cho mèo"
"94","6","Sữa tắm cho mèo"
"95","4","Vitamin tổng hợp cho mèo"
"95","5","Thuốc tẩy giun cho mèo"
"96","20","Bát ăn inox cho chó mèo"
"97","1","Hạt mèo Whiskas 1kg"
"97","2","Pate mèo cá ngừ"
"97","3","Cát vệ sinh mèo 10L"
"98","4","Vitamin tổng hợp cho mèo"
"98","5","Thuốc tẩy giun cho mèo"
"98","6","Sữa tắm cho mèo"
"99","4","Vitamin tổng hợp cho mèo"
"99","5","Thuốc tẩy giun cho mèo"
"100","19","Lồng vận chuyển thú cưng"
"100","10","Xương gặm sạch răng cho chó"
"100","12","Thuốc tiêu chảy cho chó"
"101","10","Xương gặm sạch răng cho chó"
"101","18","Khăn ướt vệ sinh thú cưng"
"101","14","Vòng cổ chống ve rận cho chó"
"102","4","Vitamin tổng hợp cho mèo"
"102","5","Thuốc tẩy giun cho mèo"
"102","6","Sữa tắm cho mèo"
"103","18","Khăn ướt vệ sinh thú cưng"
"103","18","Khăn ướt vệ sinh thú cưng"
"104","4","Vitamin tổng hợp cho mèo"
"104","5","Thuốc tẩy giun cho mèo"
"104","6","Sữa tắm cho mèo"
"105","1","Hạt mèo Whiskas 1kg"
"105","2","Pate mèo cá ngừ"
"105","3","Cát vệ sinh mèo 10L"
"106","1","Hạt mèo Whiskas 1kg"
"106","2","Pate mèo cá ngừ"
"106","3","Cát vệ sinh mèo 10L"
"107","1","Hạt mèo Whiskas 1kg"
"107","2","Pate mèo cá ngừ"
"108","4","Vitamin tổng hợp cho mèo"
"108","5","Thuốc tẩy giun cho mèo"
"109","1","Hạt mèo Whiskas 1kg"
"109","2","Pate mèo cá ngừ"
"110","1","Hạt mèo Whiskas 1kg"
"110","2","Pate mèo cá ngừ"
"110","3","Cát vệ sinh mèo 10L"
"111","4","Vitamin tổng hợp cho mèo"
"112","10","Xương gặm sạch răng cho chó"
"112","7","Đồ chơi chuột giả cho mèo"
"113","1","Hạt mèo Whiskas 1kg"
"113","2","Pate mèo cá ngừ"
"113","3","Cát vệ sinh mèo 10L"
"114","1","Hạt mèo Whiskas 1kg"
"114","2","Pate mèo cá ngừ"
"115","4","Vitamin tổng hợp cho mèo"
"115","5","Thuốc tẩy giun cho mèo"
"116","1","Hạt mèo Whiskas 1kg"
"116","2","Pate mèo cá ngừ"
"117","4","Vitamin tổng hợp cho mèo"
"117","5","Thuốc tẩy giun cho mèo"
"118","1","Hạt mèo Whiskas 1kg"
"118","2","Pate mèo cá ngừ"
"118","3","Cát vệ sinh mèo 10L"
"119","18","Khăn ướt vệ sinh thú cưng"
"119","14","Vòng cổ chống ve rận cho chó"
"120","15","Thuốc nhỏ mắt thú cưng"
"120","11","Vitamin tăng đề kháng cho chó"
"121","19","Lồng vận chuyển thú cưng"
"122","4","Vitamin tổng hợp cho mèo"
"122","5","Thuốc tẩy giun cho mèo"
"122","6","Sữa tắm cho mèo"
"123","1","Hạt mèo Whiskas 1kg"
"123","2","Pate mèo cá ngừ"
"123","3","Cát vệ sinh mèo 10L"
"124","1","Hạt mèo Whiskas 1kg"
"124","2","Pate mèo cá ngừ"
"125","1","Hạt mèo Whiskas 1kg"
"125","2","Pate mèo cá ngừ"
"125","3","Cát vệ sinh mèo 10L"
"126","1","Hạt mèo Whiskas 1kg"
"126","2","Pate mèo cá ngừ"
"126","3","Cát vệ sinh mèo 10L"
"127","4","Vitamin tổng hợp cho mèo"
"127","5","Thuốc tẩy giun cho mèo"
"128","4","Vitamin tổng hợp cho mèo"
"128","5","Thuốc tẩy giun cho mèo"
"129","4","Vitamin tổng hợp cho mèo"
"129","5","Thuốc tẩy giun cho mèo"
"129","6","Sữa tắm cho mèo"
"130","4","Vitamin tổng hợp cho mèo"
"130","5","Thuốc tẩy giun cho mèo"
"131","1","Hạt mèo Whiskas 1kg"
"131","2","Pate mèo cá ngừ"
"132","1","Hạt mèo Whiskas 1kg"
"132","2","Pate mèo cá ngừ"
"132","3","Cát vệ sinh mèo 10L"
"133","8","Hạt chó Pedigree 3kg"
"133","13","Sữa tắm cho chó"
"133","20","Bát ăn inox cho chó mèo"
"134","1","Hạt mèo Whiskas 1kg"
"134","2","Pate mèo cá ngừ"
"134","3","Cát vệ sinh mèo 10L"
"135","17","Bình sữa cho thú con"
"135","7","Đồ chơi chuột giả cho mèo"
"135","20","Bát ăn inox cho chó mèo"
"136","1","Hạt mèo Whiskas 1kg"
"136","2","Pate mèo cá ngừ"
"136","3","Cát vệ sinh mèo 10L"
"137","1","Hạt mèo Whiskas 1kg"
"137","2","Pate mèo cá ngừ"
"137","3","Cát vệ sinh mèo 10L"
"138","8","Hạt chó Pedigree 3kg"
"138","9","Pate chó vị bò"
"139","4","Vitamin tổng hợp cho mèo"
"139","5","Thuốc tẩy giun cho mèo"
"140","1","Hạt mèo Whiskas 1kg"
"140","2","Pate mèo cá ngừ"
"140","3","Cát vệ sinh mèo 10L"
"141","1","Hạt mèo Whiskas 1kg"
"141","2","Pate mèo cá ngừ"
"141","3","Cát vệ sinh mèo 10L"
"142","4","Vitamin tổng hợp cho mèo"
"142","5","Thuốc tẩy giun cho mèo"
"142","6","Sữa tắm cho mèo"
"143","4","Vitamin tổng hợp cho mèo"
"143","5","Thuốc tẩy giun cho mèo"
"143","6","Sữa tắm cho mèo"
"144","1","Hạt mèo Whiskas 1kg"
"144","2","Pate mèo cá ngừ"
"144","3","Cát vệ sinh mèo 10L"
"145","1","Hạt mèo Whiskas 1kg"
"145","2","Pate mèo cá ngừ"
"145","3","Cát vệ sinh mèo 10L"
"146","4","Vitamin tổng hợp cho mèo"
"147","1","Hạt mèo Whiskas 1kg"
"147","2","Pate mèo cá ngừ"
"147","3","Cát vệ sinh mèo 10L"
"148","4","Vitamin tổng hợp cho mèo"
"148","5","Thuốc tẩy giun cho mèo"
"148","6","Sữa tắm cho mèo"
"149","15","Thuốc nhỏ mắt thú cưng"
"149","13","Sữa tắm cho chó"
"149","15","Thuốc nhỏ mắt thú cưng"
"150","4","Vitamin tổng hợp cho mèo"
"150","5","Thuốc tẩy giun cho mèo"
"150","6","Sữa tắm cho mèo"
"151","1","Hạt mèo Whiskas 1kg"
"151","2","Pate mèo cá ngừ"
"152","1","Hạt mèo Whiskas 1kg"
"152","2","Pate mèo cá ngừ"
"152","3","Cát vệ sinh mèo 10L"
"153","4","Vitamin tổng hợp cho mèo"
"154","4","Vitamin tổng hợp cho mèo"
"154","5","Thuốc tẩy giun cho mèo"
"154","6","Sữa tắm cho mèo"
"155","1","Hạt mèo Whiskas 1kg"
"155","2","Pate mèo cá ngừ"
"156","1","Hạt mèo Whiskas 1kg"
"156","2","Pate mèo cá ngừ"
"156","3","Cát vệ sinh mèo 10L"
"157","10","Xương gặm sạch răng cho chó"
"157","17","Bình sữa cho thú con"
"157","9","Pate chó vị bò"
"158","1","Hạt mèo Whiskas 1kg"
"158","2","Pate mèo cá ngừ"
"159","19","Lồng vận chuyển thú cưng"
"160","1","Hạt mèo Whiskas 1kg"
"160","2","Pate mèo cá ngừ"
"161","4","Vitamin tổng hợp cho mèo"
"161","5","Thuốc tẩy giun cho mèo"
"162","10","Xương gặm sạch răng cho chó"
"162","7","Đồ chơi chuột giả cho mèo"
"162","12","Thuốc tiêu chảy cho chó"
"163","4","Vitamin tổng hợp cho mèo"
"163","5","Thuốc tẩy giun cho mèo"
"164","1","Hạt mèo Whiskas 1kg"
"164","2","Pate mèo cá ngừ"
"165","1","Hạt mèo Whiskas 1kg"
"165","2","Pate mèo cá ngừ"
"165","3","Cát vệ sinh mèo 10L"
"166","10","Xương gặm sạch răng cho chó"
"167","4","Vitamin tổng hợp cho mèo"
"167","5","Thuốc tẩy giun cho mèo"
"168","4","Vitamin tổng hợp cho mèo"
"168","5","Thuốc tẩy giun cho mèo"
"169","1","Hạt mèo Whiskas 1kg"
"169","2","Pate mèo cá ngừ"
"169","3","Cát vệ sinh mèo 10L"
"170","4","Vitamin tổng hợp cho mèo"
"171","1","Hạt mèo Whiskas 1kg"
"171","2","Pate mèo cá ngừ"
"172","1","Hạt mèo Whiskas 1kg"
"172","2","Pate mèo cá ngừ"
"172","3","Cát vệ sinh mèo 10L"
"173","4","Vitamin tổng hợp cho mèo"
"173","5","Thuốc tẩy giun cho mèo"
"173","6","Sữa tắm cho mèo"
"174","4","Vitamin tổng hợp cho mèo"
"174","5","Thuốc tẩy giun cho mèo"
"174","6","Sữa tắm cho mèo"
"175","11","Vitamin tăng đề kháng cho chó"
"175","19","Lồng vận chuyển thú cưng"
"176","4","Vitamin tổng hợp cho mèo"
"176","5","Thuốc tẩy giun cho mèo"
"177","4","Vitamin tổng hợp cho mèo"
"177","5","Thuốc tẩy giun cho mèo"
"178","1","Hạt mèo Whiskas 1kg"
"178","2","Pate mèo cá ngừ"
"178","3","Cát vệ sinh mèo 10L"
"179","1","Hạt mèo Whiskas 1kg"
"179","2","Pate mèo cá ngừ"
"179","3","Cát vệ sinh mèo 10L"
"180","1","Hạt mèo Whiskas 1kg"
"180","2","Pate mèo cá ngừ"
"180","3","Cát vệ sinh mèo 10L"
"181","14","Vòng cổ chống ve rận cho chó"
"181","10","Xương gặm sạch răng cho chó"
"182","4","Vitamin tổng hợp cho mèo"
"183","1","Hạt mèo Whiskas 1kg"
"183","2","Pate mèo cá ngừ"
"183","3","Cát vệ sinh mèo 10L"
"184","4","Vitamin tổng hợp cho mèo"
"184","5","Thuốc tẩy giun cho mèo"
"185","4","Vitamin tổng hợp cho mèo"
"185","5","Thuốc tẩy giun cho mèo"
"186","13","Sữa tắm cho chó"
"186","11","Vitamin tăng đề kháng cho chó"
"187","1","Hạt mèo Whiskas 1kg"
"187","2","Pate mèo cá ngừ"
"187","3","Cát vệ sinh mèo 10L"
"188","1","Hạt mèo Whiskas 1kg"
"188","2","Pate mèo cá ngừ"
"189","4","Vitamin tổng hợp cho mèo"
"189","5","Thuốc tẩy giun cho mèo"
"189","6","Sữa tắm cho mèo"
"190","4","Vitamin tổng hợp cho mèo"
"190","5","Thuốc tẩy giun cho mèo"
"191","15","Thuốc nhỏ mắt thú cưng"
"192","1","Hạt mèo Whiskas 1kg"
"192","2","Pate mèo cá ngừ"
"192","3","Cát vệ sinh mèo 10L"
"193","1","Hạt mèo Whiskas 1kg"
"193","2","Pate mèo cá ngừ"
"193","3","Cát vệ sinh mèo 10L"
"194","4","Vitamin tổng hợp cho mèo"
"194","5","Thuốc tẩy giun cho mèo"
"195","4","Vitamin tổng hợp cho mèo"
"195","5","Thuốc tẩy giun cho mèo"
"196","1","Hạt mèo Whiskas 1kg"
"196","2","Pate mèo cá ngừ"
"196","3","Cát vệ sinh mèo 10L"
"197","1","Hạt mèo Whiskas 1kg"
"197","2","Pate mèo cá ngừ"
"197","3","Cát vệ sinh mèo 10L"
"198","4","Vitamin tổng hợp cho mèo"
"198","5","Thuốc tẩy giun cho mèo"
"199","10","Xương gặm sạch răng cho chó"
"199","18","Khăn ướt vệ sinh thú cưng"
"200","1","Hạt mèo Whiskas 1kg"
"200","2","Pate mèo cá ngừ"
"201","1","Hạt mèo Whiskas 1kg"
"201","2","Pate mèo cá ngừ"
"202","1","Hạt mèo Whiskas 1kg"
"202","2","Pate mèo cá ngừ"
"202","3","Cát vệ sinh mèo 10L"
"203","4","Vitamin tổng hợp cho mèo"
"203","5","Thuốc tẩy giun cho mèo"
"204","11","Vitamin tăng đề kháng cho chó"
"204","18","Khăn ướt vệ sinh thú cưng"
"205","4","Vitamin tổng hợp cho mèo"
"205","5","Thuốc tẩy giun cho mèo"
"206","4","Vitamin tổng hợp cho mèo"
"206","5","Thuốc tẩy giun cho mèo"
"207","1","Hạt mèo Whiskas 1kg"
"207","2","Pate mèo cá ngừ"
"207","3","Cát vệ sinh mèo 10L"
"208","4","Vitamin tổng hợp cho mèo"
"208","5","Thuốc tẩy giun cho mèo"
"208","6","Sữa tắm cho mèo"
"209","1","Hạt mèo Whiskas 1kg"
"209","2","Pate mèo cá ngừ"
"209","3","Cát vệ sinh mèo 10L"
"210","12","Thuốc tiêu chảy cho chó"
"211","17","Bình sữa cho thú con"
"211","12","Thuốc tiêu chảy cho chó"
"212","11","Vitamin tăng đề kháng cho chó"
"212","12","Thuốc tiêu chảy cho chó"
"213","4","Vitamin tổng hợp cho mèo"
"213","5","Thuốc tẩy giun cho mèo"
"214","1","Hạt mèo Whiskas 1kg"
"214","2","Pate mèo cá ngừ"
"214","3","Cát vệ sinh mèo 10L"
"215","1","Hạt mèo Whiskas 1kg"
"215","2","Pate mèo cá ngừ"
"216","4","Vitamin tổng hợp cho mèo"
"216","5","Thuốc tẩy giun cho mèo"
"216","6","Sữa tắm cho mèo"
"217","13","Sữa tắm cho chó"
"217","20","Bát ăn inox cho chó mèo"
"217","9","Pate chó vị bò"
"218","4","Vitamin tổng hợp cho mèo"
"218","5","Thuốc tẩy giun cho mèo"
"218","6","Sữa tắm cho mèo"
"219","4","Vitamin tổng hợp cho mèo"
"219","5","Thuốc tẩy giun cho mèo"
"220","1","Hạt mèo Whiskas 1kg"
"220","2","Pate mèo cá ngừ"
"220","3","Cát vệ sinh mèo 10L"
"221","4","Vitamin tổng hợp cho mèo"
"221","5","Thuốc tẩy giun cho mèo"
"221","6","Sữa tắm cho mèo"
"222","1","Hạt mèo Whiskas 1kg"
"222","2","Pate mèo cá ngừ"
"223","1","Hạt mèo Whiskas 1kg"
"223","2","Pate mèo cá ngừ"
"223","3","Cát vệ sinh mèo 10L"
"224","1","Hạt mèo Whiskas 1kg"
"224","2","Pate mèo cá ngừ"
"225","4","Vitamin tổng hợp cho mèo"
"225","5","Thuốc tẩy giun cho mèo"
"225","6","Sữa tắm cho mèo"
"226","4","Vitamin tổng hợp cho mèo"
"226","5","Thuốc tẩy giun cho mèo"
"227","4","Vitamin tổng hợp cho mèo"
"227","5","Thuốc tẩy giun cho mèo"
"228","4","Vitamin tổng hợp cho mèo"
"228","5","Thuốc tẩy giun cho mèo"
"228","6","Sữa tắm cho mèo"
"229","1","Hạt mèo Whiskas 1kg"
"229","2","Pate mèo cá ngừ"
"230","4","Vitamin tổng hợp cho mèo"
"230","5","Thuốc tẩy giun cho mèo"
"231","16","Men tiêu hóa thú cưng"
"232","16","Men tiêu hóa thú cưng"
"232","20","Bát ăn inox cho chó mèo"
"233","4","Vitamin tổng hợp cho mèo"
"233","5","Thuốc tẩy giun cho mèo"
"234","4","Vitamin tổng hợp cho mèo"
"234","5","Thuốc tẩy giun cho mèo"
"235","1","Hạt mèo Whiskas 1kg"
"235","2","Pate mèo cá ngừ"
"236","4","Vitamin tổng hợp cho mèo"
"236","5","Thuốc tẩy giun cho mèo"
"237","1","Hạt mèo Whiskas 1kg"
"237","2","Pate mèo cá ngừ"
"237","3","Cát vệ sinh mèo 10L"
"238","4","Vitamin tổng hợp cho mèo"
"238","5","Thuốc tẩy giun cho mèo"
"239","1","Hạt mèo Whiskas 1kg"
"239","2","Pate mèo cá ngừ"
"239","3","Cát vệ sinh mèo 10L"
"240","1","Hạt mèo Whiskas 1kg"
"240","2","Pate mèo cá ngừ"
"240","3","Cát vệ sinh mèo 10L"
"241","18","Khăn ướt vệ sinh thú cưng"
"241","9","Pate chó vị bò"
"242","18","Khăn ướt vệ sinh thú cưng"
"243","4","Vitamin tổng hợp cho mèo"
"243","5","Thuốc tẩy giun cho mèo"
"244","4","Vitamin tổng hợp cho mèo"
"244","5","Thuốc tẩy giun cho mèo"
"244","6","Sữa tắm cho mèo"
"245","14","Vòng cổ chống ve rận cho chó"
"246","4","Vitamin tổng hợp cho mèo"
"246","5","Thuốc tẩy giun cho mèo"
"246","6","Sữa tắm cho mèo"
"247","4","Vitamin tổng hợp cho mèo"
"247","5","Thuốc tẩy giun cho mèo"
"248","4","Vitamin tổng hợp cho mèo"
"248","5","Thuốc tẩy giun cho mèo"
"249","20","Bát ăn inox cho chó mèo"
"249","8","Hạt chó Pedigree 3kg"
"250","1","Hạt mèo Whiskas 1kg"
"250","2","Pate mèo cá ngừ"
"250","3","Cát vệ sinh mèo 10L"
"251","4","Vitamin tổng hợp cho mèo"
"251","5","Thuốc tẩy giun cho mèo"
"251","6","Sữa tắm cho mèo"
"252","4","Vitamin tổng hợp cho mèo"
"252","5","Thuốc tẩy giun cho mèo"
"253","1","Hạt mèo Whiskas 1kg"
"253","2","Pate mèo cá ngừ"
"253","3","Cát vệ sinh mèo 10L"
"254","1","Hạt mèo Whiskas 1kg"
"254","2","Pate mèo cá ngừ"
"254","3","Cát vệ sinh mèo 10L"
"255","4","Vitamin tổng hợp cho mèo"
"255","5","Thuốc tẩy giun cho mèo"
"256","4","Vitamin tổng hợp cho mèo"
"256","5","Thuốc tẩy giun cho mèo"
"257","4","Vitamin tổng hợp cho mèo"
"257","5","Thuốc tẩy giun cho mèo"
"257","6","Sữa tắm cho mèo"
"258","4","Vitamin tổng hợp cho mèo"
"258","5","Thuốc tẩy giun cho mèo"
"258","6","Sữa tắm cho mèo"
"259","1","Hạt mèo Whiskas 1kg"
"259","2","Pate mèo cá ngừ"
"259","3","Cát vệ sinh mèo 10L"
"260","4","Vitamin tổng hợp cho mèo"
"260","5","Thuốc tẩy giun cho mèo"
"261","4","Vitamin tổng hợp cho mèo"
"261","5","Thuốc tẩy giun cho mèo"
"262","1","Hạt mèo Whiskas 1kg"
"262","2","Pate mèo cá ngừ"
"263","4","Vitamin tổng hợp cho mèo"
"263","5","Thuốc tẩy giun cho mèo"
"264","4","Vitamin tổng hợp cho mèo"
"264","5","Thuốc tẩy giun cho mèo"
"265","4","Vitamin tổng hợp cho mèo"
"265","6","Sữa tắm cho mèo"
"266","4","Vitamin tổng hợp cho mèo"
"266","6","Sữa tắm cho mèo"
"267","4","Vitamin tổng hợp cho mèo"
"267","5","Thuốc tẩy giun cho mèo"
"267","6","Sữa tắm cho mèo"
"268","4","Vitamin tổng hợp cho mèo"
"268","5","Thuốc tẩy giun cho mèo"
"268","6","Sữa tắm cho mèo"
"269","4","Vitamin tổng hợp cho mèo"
"269","5","Thuốc tẩy giun cho mèo"
"270","1","Hạt mèo Whiskas 1kg"
"270","2","Pate mèo cá ngừ"
"270","3","Cát vệ sinh mèo 10L"
"271","1","Hạt mèo Whiskas 1kg"
"271","2","Pate mèo cá ngừ"
"271","3","Cát vệ sinh mèo 10L"
"272","4","Vitamin tổng hợp cho mèo"
"272","5","Thuốc tẩy giun cho mèo"
"272","6","Sữa tắm cho mèo"
"273","1","Hạt mèo Whiskas 1kg"
"273","2","Pate mèo cá ngừ"
"273","3","Cát vệ sinh mèo 10L"
"274","1","Hạt mèo Whiskas 1kg"
"274","2","Pate mèo cá ngừ"
"274","3","Cát vệ sinh mèo 10L"
"275","1","Hạt mèo Whiskas 1kg"
"275","2","Pate mèo cá ngừ"
"275","3","Cát vệ sinh mèo 10L"
"276","18","Khăn ướt vệ sinh thú cưng"
"277","8","Hạt chó Pedigree 3kg"
"277","10","Xương gặm sạch răng cho chó"
"277","20","Bát ăn inox cho chó mèo"
"278","1","Hạt mèo Whiskas 1kg"
"278","2","Pate mèo cá ngừ"
"278","3","Cát vệ sinh mèo 10L"
"279","4","Vitamin tổng hợp cho mèo"
"279","5","Thuốc tẩy giun cho mèo"
"280","1","Hạt mèo Whiskas 1kg"
"280","2","Pate mèo cá ngừ"
"280","3","Cát vệ sinh mèo 10L"
"281","1","Hạt mèo Whiskas 1kg"
"281","2","Pate mèo cá ngừ"
"282","4","Vitamin tổng hợp cho mèo"
"282","5","Thuốc tẩy giun cho mèo"
"283","17","Bình sữa cho thú con"
"284","4","Vitamin tổng hợp cho mèo"
"284","5","Thuốc tẩy giun cho mèo"
"284","6","Sữa tắm cho mèo"
"285","4","Vitamin tổng hợp cho mèo"
"285","5","Thuốc tẩy giun cho mèo"
"286","4","Vitamin tổng hợp cho mèo"
"286","5","Thuốc tẩy giun cho mèo"
"286","6","Sữa tắm cho mèo"
"287","4","Vitamin tổng hợp cho mèo"
"287","5","Thuốc tẩy giun cho mèo"
"288","1","Hạt mèo Whiskas 1kg"
"288","2","Pate mèo cá ngừ"
"289","1","Hạt mèo Whiskas 1kg"
"289","2","Pate mèo cá ngừ"
"289","3","Cát vệ sinh mèo 10L"
"290","7","Đồ chơi chuột giả cho mèo"
"291","17","Bình sữa cho thú con"
"291","13","Sữa tắm cho chó"
"292","4","Vitamin tổng hợp cho mèo"
"292","6","Sữa tắm cho mèo"
"293","1","Hạt mèo Whiskas 1kg"
"293","2","Pate mèo cá ngừ"
"293","3","Cát vệ sinh mèo 10L"
"294","14","Vòng cổ chống ve rận cho chó"
"295","4","Vitamin tổng hợp cho mèo"
"295","6","Sữa tắm cho mèo"
"296","12","Thuốc tiêu chảy cho chó"
"296","20","Bát ăn inox cho chó mèo"
"297","4","Vitamin tổng hợp cho mèo"
"297","5","Thuốc tẩy giun cho mèo"
"298","4","Vitamin tổng hợp cho mèo"
"298","5","Thuốc tẩy giun cho mèo"
"299","4","Vitamin tổng hợp cho mèo"
"299","5","Thuốc tẩy giun cho mèo"
"299","6","Sữa tắm cho mèo"
"300","1","Hạt mèo Whiskas 1kg"
"300","2","Pate mèo cá ngừ"
"300","3","Cát vệ sinh mèo 10L"
"301","4","Vitamin tổng hợp cho mèo"
"301","5","Thuốc tẩy giun cho mèo"
"301","6","Sữa tắm cho mèo"
"302","1","Hạt mèo Whiskas 1kg"
"302","2","Pate mèo cá ngừ"
"302","3","Cát vệ sinh mèo 10L"
"303","1","Hạt mèo Whiskas 1kg"
"303","2","Pate mèo cá ngừ"
"303","3","Cát vệ sinh mèo 10L"
"304","4","Vitamin tổng hợp cho mèo"
"304","5","Thuốc tẩy giun cho mèo"
"305","4","Vitamin tổng hợp cho mèo"
"305","5","Thuốc tẩy giun cho mèo"
"305","6","Sữa tắm cho mèo"
"306","4","Vitamin tổng hợp cho mèo"
"306","5","Thuốc tẩy giun cho mèo"
"307","1","Hạt mèo Whiskas 1kg"
"307","2","Pate mèo cá ngừ"
"307","3","Cát vệ sinh mèo 10L"
"308","1","Hạt mèo Whiskas 1kg"
"308","2","Pate mèo cá ngừ"
"308","3","Cát vệ sinh mèo 10L"
"309","13","Sữa tắm cho chó"
"309","19","Lồng vận chuyển thú cưng"
"309","18","Khăn ướt vệ sinh thú cưng"
"310","1","Hạt mèo Whiskas 1kg"
"310","2","Pate mèo cá ngừ"
"310","3","Cát vệ sinh mèo 10L"
"311","4","Vitamin tổng hợp cho mèo"
"311","5","Thuốc tẩy giun cho mèo"
"312","4","Vitamin tổng hợp cho mèo"
"312","5","Thuốc tẩy giun cho mèo"
"313","13","Sữa tắm cho chó"
"314","15","Thuốc nhỏ mắt thú cưng"
"314","7","Đồ chơi chuột giả cho mèo"
"315","4","Vitamin tổng hợp cho mèo"
"315","5","Thuốc tẩy giun cho mèo"
"315","6","Sữa tắm cho mèo"
"316","1","Hạt mèo Whiskas 1kg"
"316","2","Pate mèo cá ngừ"
"316","3","Cát vệ sinh mèo 10L"
"317","4","Vitamin tổng hợp cho mèo"
"317","5","Thuốc tẩy giun cho mèo"
"317","6","Sữa tắm cho mèo"
"318","4","Vitamin tổng hợp cho mèo"
"318","5","Thuốc tẩy giun cho mèo"
"319","1","Hạt mèo Whiskas 1kg"
"319","2","Pate mèo cá ngừ"
"320","1","Hạt mèo Whiskas 1kg"
"320","2","Pate mèo cá ngừ"
"320","3","Cát vệ sinh mèo 10L"
"321","4","Vitamin tổng hợp cho mèo"
"321","5","Thuốc tẩy giun cho mèo"
"322","4","Vitamin tổng hợp cho mèo"
"322","5","Thuốc tẩy giun cho mèo"
"322","6","Sữa tắm cho mèo"
"323","4","Vitamin tổng hợp cho mèo"
"323","5","Thuốc tẩy giun cho mèo"
"324","1","Hạt mèo Whiskas 1kg"
"324","2","Pate mèo cá ngừ"
"324","3","Cát vệ sinh mèo 10L"
"325","7","Đồ chơi chuột giả cho mèo"
"325","20","Bát ăn inox cho chó mèo"
"325","16","Men tiêu hóa thú cưng"
"326","1","Hạt mèo Whiskas 1kg"
"326","2","Pate mèo cá ngừ"
"326","3","Cát vệ sinh mèo 10L"
"327","4","Vitamin tổng hợp cho mèo"
"327","5","Thuốc tẩy giun cho mèo"
"328","4","Vitamin tổng hợp cho mèo"
"328","5","Thuốc tẩy giun cho mèo"
"328","6","Sữa tắm cho mèo"
"329","1","Hạt mèo Whiskas 1kg"
"329","2","Pate mèo cá ngừ"
"330","1","Hạt mèo Whiskas 1kg"
"330","2","Pate mèo cá ngừ"
"331","1","Hạt mèo Whiskas 1kg"
"331","2","Pate mèo cá ngừ"
"331","3","Cát vệ sinh mèo 10L"
"332","1","Hạt mèo Whiskas 1kg"
"332","2","Pate mèo cá ngừ"
"332","3","Cát vệ sinh mèo 10L"
"333","7","Đồ chơi chuột giả cho mèo"
"334","16","Men tiêu hóa thú cưng"
"334","14","Vòng cổ chống ve rận cho chó"
"334","18","Khăn ướt vệ sinh thú cưng"
"335","1","Hạt mèo Whiskas 1kg"
"335","2","Pate mèo cá ngừ"
"335","3","Cát vệ sinh mèo 10L"
"336","1","Hạt mèo Whiskas 1kg"
"336","2","Pate mèo cá ngừ"
"336","3","Cát vệ sinh mèo 10L"
"337","1","Hạt mèo Whiskas 1kg"
"337","2","Pate mèo cá ngừ"
"338","4","Vitamin tổng hợp cho mèo"
"338","5","Thuốc tẩy giun cho mèo"
"339","4","Vitamin tổng hợp cho mèo"
"339","5","Thuốc tẩy giun cho mèo"
"339","6","Sữa tắm cho mèo"
"340","13","Sữa tắm cho chó"
"340","15","Thuốc nhỏ mắt thú cưng"
"340","18","Khăn ướt vệ sinh thú cưng"
"341","4","Vitamin tổng hợp cho mèo"
"341","5","Thuốc tẩy giun cho mèo"
"341","6","Sữa tắm cho mèo"
"342","20","Bát ăn inox cho chó mèo"
"342","17","Bình sữa cho thú con"
"343","1","Hạt mèo Whiskas 1kg"
"343","2","Pate mèo cá ngừ"
"344","12","Thuốc tiêu chảy cho chó"
"345","4","Vitamin tổng hợp cho mèo"
"345","5","Thuốc tẩy giun cho mèo"
"346","1","Hạt mèo Whiskas 1kg"
"346","2","Pate mèo cá ngừ"
"346","3","Cát vệ sinh mèo 10L"
"347","4","Vitamin tổng hợp cho mèo"
"347","5","Thuốc tẩy giun cho mèo"
"348","1","Hạt mèo Whiskas 1kg"
"348","2","Pate mèo cá ngừ"
"348","3","Cát vệ sinh mèo 10L"
"349","1","Hạt mèo Whiskas 1kg"
"349","2","Pate mèo cá ngừ"
"350","4","Vitamin tổng hợp cho mèo"
"350","5","Thuốc tẩy giun cho mèo"
"351","1","Hạt mèo Whiskas 1kg"
"351","2","Pate mèo cá ngừ"
"352","1","Hạt mèo Whiskas 1kg"
"352","2","Pate mèo cá ngừ"
"353","4","Vitamin tổng hợp cho mèo"
"353","6","Sữa tắm cho mèo"
"354","4","Vitamin tổng hợp cho mèo"
"354","5","Thuốc tẩy giun cho mèo"
"355","19","Lồng vận chuyển thú cưng"
"355","19","Lồng vận chuyển thú cưng"
"356","1","Hạt mèo Whiskas 1kg"
"356","2","Pate mèo cá ngừ"
"356","3","Cát vệ sinh mèo 10L"
"357","8","Hạt chó Pedigree 3kg"
"357","16","Men tiêu hóa thú cưng"
"358","1","Hạt mèo Whiskas 1kg"
"358","2","Pate mèo cá ngừ"
"358","3","Cát vệ sinh mèo 10L"
"359","4","Vitamin tổng hợp cho mèo"
"360","8","Hạt chó Pedigree 3kg"
"360","17","Bình sữa cho thú con"
"360","11","Vitamin tăng đề kháng cho chó"
"361","11","Vitamin tăng đề kháng cho chó"
"361","16","Men tiêu hóa thú cưng"
"361","14","Vòng cổ chống ve rận cho chó"
"362","11","Vitamin tăng đề kháng cho chó"
"363","1","Hạt mèo Whiskas 1kg"
"363","2","Pate mèo cá ngừ"
"363","3","Cát vệ sinh mèo 10L"
"364","4","Vitamin tổng hợp cho mèo"
"364","5","Thuốc tẩy giun cho mèo"
"364","6","Sữa tắm cho mèo"
"365","1","Hạt mèo Whiskas 1kg"
"365","2","Pate mèo cá ngừ"
"365","3","Cát vệ sinh mèo 10L"
"366","4","Vitamin tổng hợp cho mèo"
"367","1","Hạt mèo Whiskas 1kg"
"367","2","Pate mèo cá ngừ"
"368","1","Hạt mèo Whiskas 1kg"
"368","2","Pate mèo cá ngừ"
"368","3","Cát vệ sinh mèo 10L"
"369","19","Lồng vận chuyển thú cưng"
"369","8","Hạt chó Pedigree 3kg"
"370","1","Hạt mèo Whiskas 1kg"
"370","2","Pate mèo cá ngừ"
"370","3","Cát vệ sinh mèo 10L"
"371","4","Vitamin tổng hợp cho mèo"
"371","5","Thuốc tẩy giun cho mèo"
"372","4","Vitamin tổng hợp cho mèo"
"372","5","Thuốc tẩy giun cho mèo"
"373","1","Hạt mèo Whiskas 1kg"
"373","2","Pate mèo cá ngừ"
"373","3","Cát vệ sinh mèo 10L"
"374","4","Vitamin tổng hợp cho mèo"
"374","5","Thuốc tẩy giun cho mèo"
"374","6","Sữa tắm cho mèo"
"375","4","Vitamin tổng hợp cho mèo"
"375","5","Thuốc tẩy giun cho mèo"
"375","6","Sữa tắm cho mèo"
"376","4","Vitamin tổng hợp cho mèo"
"376","6","Sữa tắm cho mèo"
"377","20","Bát ăn inox cho chó mèo"
"378","4","Vitamin tổng hợp cho mèo"
"378","5","Thuốc tẩy giun cho mèo"
"378","6","Sữa tắm cho mèo"
"379","4","Vitamin tổng hợp cho mèo"
"379","5","Thuốc tẩy giun cho mèo"
"380","14","Vòng cổ chống ve rận cho chó"
"381","4","Vitamin tổng hợp cho mèo"
"381","6","Sữa tắm cho mèo"
"382","1","Hạt mèo Whiskas 1kg"
"382","2","Pate mèo cá ngừ"
"382","3","Cát vệ sinh mèo 10L"
"383","4","Vitamin tổng hợp cho mèo"
"383","5","Thuốc tẩy giun cho mèo"
"383","6","Sữa tắm cho mèo"
"384","4","Vitamin tổng hợp cho mèo"
"384","5","Thuốc tẩy giun cho mèo"
"384","6","Sữa tắm cho mèo"
"385","4","Vitamin tổng hợp cho mèo"
"385","6","Sữa tắm cho mèo"
"386","13","Sữa tắm cho chó"
"386","18","Khăn ướt vệ sinh thú cưng"
"386","17","Bình sữa cho thú con"
"387","1","Hạt mèo Whiskas 1kg"
"387","2","Pate mèo cá ngừ"
"387","3","Cát vệ sinh mèo 10L"
"388","1","Hạt mèo Whiskas 1kg"
"388","2","Pate mèo cá ngừ"
"388","3","Cát vệ sinh mèo 10L"
"389","4","Vitamin tổng hợp cho mèo"
"390","16","Men tiêu hóa thú cưng"
"390","8","Hạt chó Pedigree 3kg"
"391","1","Hạt mèo Whiskas 1kg"
"391","2","Pate mèo cá ngừ"
"391","3","Cát vệ sinh mèo 10L"
"392","4","Vitamin tổng hợp cho mèo"
"392","5","Thuốc tẩy giun cho mèo"
"392","6","Sữa tắm cho mèo"
"393","1","Hạt mèo Whiskas 1kg"
"393","2","Pate mèo cá ngừ"
"394","1","Hạt mèo Whiskas 1kg"
"394","2","Pate mèo cá ngừ"
"394","3","Cát vệ sinh mèo 10L"
"395","12","Thuốc tiêu chảy cho chó"
"395","9","Pate chó vị bò"
"396","1","Hạt mèo Whiskas 1kg"
"396","2","Pate mèo cá ngừ"
"397","1","Hạt mèo Whiskas 1kg"
"397","2","Pate mèo cá ngừ"
"397","3","Cát vệ sinh mèo 10L"
"398","4","Vitamin tổng hợp cho mèo"
"398","5","Thuốc tẩy giun cho mèo"
"399","4","Vitamin tổng hợp cho mèo"
"399","5","Thuốc tẩy giun cho mèo"
"399","6","Sữa tắm cho mèo"
"400","1","Hạt mèo Whiskas 1kg"
"400","2","Pate mèo cá ngừ"
"400","3","Cát vệ sinh mèo 10L"
"401","1","Hạt mèo Whiskas 1kg"
"401","2","Pate mèo cá ngừ"
"401","3","Cát vệ sinh mèo 10L"
"402","4","Vitamin tổng hợp cho mèo"
"402","5","Thuốc tẩy giun cho mèo"
"402","6","Sữa tắm cho mèo"
"403","1","Hạt mèo Whiskas 1kg"
"403","2","Pate mèo cá ngừ"
"403","3","Cát vệ sinh mèo 10L"
"404","1","Hạt mèo Whiskas 1kg"
"404","2","Pate mèo cá ngừ"
"405","4","Vitamin tổng hợp cho mèo"
"405","6","Sữa tắm cho mèo"
"406","1","Hạt mèo Whiskas 1kg"
"406","2","Pate mèo cá ngừ"
"406","3","Cát vệ sinh mèo 10L"
"407","4","Vitamin tổng hợp cho mèo"
"407","5","Thuốc tẩy giun cho mèo"
"408","1","Hạt mèo Whiskas 1kg"
"408","2","Pate mèo cá ngừ"
"408","3","Cát vệ sinh mèo 10L"
"409","1","Hạt mèo Whiskas 1kg"
"409","2","Pate mèo cá ngừ"
"409","3","Cát vệ sinh mèo 10L"
"410","4","Vitamin tổng hợp cho mèo"
"410","6","Sữa tắm cho mèo"
"411","4","Vitamin tổng hợp cho mèo"
"411","6","Sữa tắm cho mèo"
"412","13","Sữa tắm cho chó"
"412","10","Xương gặm sạch răng cho chó"
"413","7","Đồ chơi chuột giả cho mèo"
"413","11","Vitamin tăng đề kháng cho chó"
"414","1","Hạt mèo Whiskas 1kg"
"414","2","Pate mèo cá ngừ"
"414","3","Cát vệ sinh mèo 10L"
"415","1","Hạt mèo Whiskas 1kg"
"415","2","Pate mèo cá ngừ"
"416","19","Lồng vận chuyển thú cưng"
"416","14","Vòng cổ chống ve rận cho chó"
"416","7","Đồ chơi chuột giả cho mèo"
"417","4","Vitamin tổng hợp cho mèo"
"417","5","Thuốc tẩy giun cho mèo"
"418","11","Vitamin tăng đề kháng cho chó"
"418","13","Sữa tắm cho chó"
"419","4","Vitamin tổng hợp cho mèo"
"419","5","Thuốc tẩy giun cho mèo"
"419","6","Sữa tắm cho mèo"
"420","4","Vitamin tổng hợp cho mèo"
"420","5","Thuốc tẩy giun cho mèo"
"421","15","Thuốc nhỏ mắt thú cưng"
"421","18","Khăn ướt vệ sinh thú cưng"
"421","14","Vòng cổ chống ve rận cho chó"
"422","4","Vitamin tổng hợp cho mèo"
"422","5","Thuốc tẩy giun cho mèo"
"423","4","Vitamin tổng hợp cho mèo"
"423","5","Thuốc tẩy giun cho mèo"
"424","4","Vitamin tổng hợp cho mèo"
"424","5","Thuốc tẩy giun cho mèo"
"425","4","Vitamin tổng hợp cho mèo"
"425","5","Thuốc tẩy giun cho mèo"
"426","4","Vitamin tổng hợp cho mèo"
"426","5","Thuốc tẩy giun cho mèo"
"427","4","Vitamin tổng hợp cho mèo"
"428","4","Vitamin tổng hợp cho mèo"
"428","5","Thuốc tẩy giun cho mèo"
"429","4","Vitamin tổng hợp cho mèo"
"429","5","Thuốc tẩy giun cho mèo"
"430","4","Vitamin tổng hợp cho mèo"
"430","5","Thuốc tẩy giun cho mèo"
"431","1","Hạt mèo Whiskas 1kg"
"431","2","Pate mèo cá ngừ"
"431","3","Cát vệ sinh mèo 10L"
"432","4","Vitamin tổng hợp cho mèo"
"432","5","Thuốc tẩy giun cho mèo"
"432","6","Sữa tắm cho mèo"
"433","1","Hạt mèo Whiskas 1kg"
"433","2","Pate mèo cá ngừ"
"433","3","Cát vệ sinh mèo 10L"
"434","11","Vitamin tăng đề kháng cho chó"
"435","4","Vitamin tổng hợp cho mèo"
"435","5","Thuốc tẩy giun cho mèo"
"436","1","Hạt mèo Whiskas 1kg"
"436","2","Pate mèo cá ngừ"
"437","7","Đồ chơi chuột giả cho mèo"
"437","16","Men tiêu hóa thú cưng"
"438","1","Hạt mèo Whiskas 1kg"
"438","2","Pate mèo cá ngừ"
"439","4","Vitamin tổng hợp cho mèo"
"439","5","Thuốc tẩy giun cho mèo"
"440","4","Vitamin tổng hợp cho mèo"
"440","5","Thuốc tẩy giun cho mèo"
"440","6","Sữa tắm cho mèo"
"441","1","Hạt mèo Whiskas 1kg"
"441","2","Pate mèo cá ngừ"
"442","11","Vitamin tăng đề kháng cho chó"
"442","16","Men tiêu hóa thú cưng"
"443","4","Vitamin tổng hợp cho mèo"
"443","5","Thuốc tẩy giun cho mèo"
"444","4","Vitamin tổng hợp cho mèo"
"444","5","Thuốc tẩy giun cho mèo"
"445","17","Bình sữa cho thú con"
"445","9","Pate chó vị bò"
"446","4","Vitamin tổng hợp cho mèo"
"446","5","Thuốc tẩy giun cho mèo"
"446","6","Sữa tắm cho mèo"
"447","17","Bình sữa cho thú con"
"447","20","Bát ăn inox cho chó mèo"
"447","17","Bình sữa cho thú con"
"448","1","Hạt mèo Whiskas 1kg"
"448","2","Pate mèo cá ngừ"
"448","3","Cát vệ sinh mèo 10L"
"449","4","Vitamin tổng hợp cho mèo"
"449","6","Sữa tắm cho mèo"
"450","1","Hạt mèo Whiskas 1kg"
"450","2","Pate mèo cá ngừ"
"451","4","Vitamin tổng hợp cho mèo"
"451","5","Thuốc tẩy giun cho mèo"
"452","18","Khăn ướt vệ sinh thú cưng"
"452","19","Lồng vận chuyển thú cưng"
"452","20","Bát ăn inox cho chó mèo"
"453","1","Hạt mèo Whiskas 1kg"
"453","2","Pate mèo cá ngừ"
"453","3","Cát vệ sinh mèo 10L"
"454","4","Vitamin tổng hợp cho mèo"
"454","5","Thuốc tẩy giun cho mèo"
"455","4","Vitamin tổng hợp cho mèo"
"455","5","Thuốc tẩy giun cho mèo"
"455","6","Sữa tắm cho mèo"
"456","1","Hạt mèo Whiskas 1kg"
"456","2","Pate mèo cá ngừ"
"456","3","Cát vệ sinh mèo 10L"
"457","4","Vitamin tổng hợp cho mèo"
"457","5","Thuốc tẩy giun cho mèo"
"457","6","Sữa tắm cho mèo"
"458","4","Vitamin tổng hợp cho mèo"
"458","5","Thuốc tẩy giun cho mèo"
"459","1","Hạt mèo Whiskas 1kg"
"459","2","Pate mèo cá ngừ"
"459","3","Cát vệ sinh mèo 10L"
"460","4","Vitamin tổng hợp cho mèo"
"460","5","Thuốc tẩy giun cho mèo"
"460","6","Sữa tắm cho mèo"
"461","1","Hạt mèo Whiskas 1kg"
"461","2","Pate mèo cá ngừ"
"462","14","Vòng cổ chống ve rận cho chó"
"462","14","Vòng cổ chống ve rận cho chó"
"462","10","Xương gặm sạch răng cho chó"
"463","1","Hạt mèo Whiskas 1kg"
"463","2","Pate mèo cá ngừ"
"464","18","Khăn ướt vệ sinh thú cưng"
"465","1","Hạt mèo Whiskas 1kg"
"465","2","Pate mèo cá ngừ"
"465","3","Cát vệ sinh mèo 10L"
"466","1","Hạt mèo Whiskas 1kg"
"466","2","Pate mèo cá ngừ"
"466","3","Cát vệ sinh mèo 10L"
"467","4","Vitamin tổng hợp cho mèo"
"467","5","Thuốc tẩy giun cho mèo"
"467","6","Sữa tắm cho mèo"
"468","4","Vitamin tổng hợp cho mèo"
"468","5","Thuốc tẩy giun cho mèo"
"469","20","Bát ăn inox cho chó mèo"
"470","4","Vitamin tổng hợp cho mèo"
"470","5","Thuốc tẩy giun cho mèo"
"470","6","Sữa tắm cho mèo"
"471","1","Hạt mèo Whiskas 1kg"
"471","2","Pate mèo cá ngừ"
"472","4","Vitamin tổng hợp cho mèo"
"473","14","Vòng cổ chống ve rận cho chó"
"474","18","Khăn ướt vệ sinh thú cưng"
"474","11","Vitamin tăng đề kháng cho chó"
"474","12","Thuốc tiêu chảy cho chó"
"475","1","Hạt mèo Whiskas 1kg"
"475","2","Pate mèo cá ngừ"
"476","4","Vitamin tổng hợp cho mèo"
"476","5","Thuốc tẩy giun cho mèo"
"477","4","Vitamin tổng hợp cho mèo"
"477","5","Thuốc tẩy giun cho mèo"
"478","19","Lồng vận chuyển thú cưng"
"478","20","Bát ăn inox cho chó mèo"
"479","1","Hạt mèo Whiskas 1kg"
"479","2","Pate mèo cá ngừ"
"480","4","Vitamin tổng hợp cho mèo"
"480","5","Thuốc tẩy giun cho mèo"
"481","17","Bình sữa cho thú con"
"481","11","Vitamin tăng đề kháng cho chó"
"482","4","Vitamin tổng hợp cho mèo"
"482","5","Thuốc tẩy giun cho mèo"
"483","1","Hạt mèo Whiskas 1kg"
"483","2","Pate mèo cá ngừ"
"484","1","Hạt mèo Whiskas 1kg"
"484","2","Pate mèo cá ngừ"
"484","3","Cát vệ sinh mèo 10L"
"485","4","Vitamin tổng hợp cho mèo"
"485","5","Thuốc tẩy giun cho mèo"
"486","1","Hạt mèo Whiskas 1kg"
"486","2","Pate mèo cá ngừ"
"487","1","Hạt mèo Whiskas 1kg"
"487","2","Pate mèo cá ngừ"
"487","3","Cát vệ sinh mèo 10L"
"488","4","Vitamin tổng hợp cho mèo"
"489","1","Hạt mèo Whiskas 1kg"
"489","2","Pate mèo cá ngừ"
"489","3","Cát vệ sinh mèo 10L"
"490","9","Pate chó vị bò"
"490","20","Bát ăn inox cho chó mèo"
"490","10","Xương gặm sạch răng cho chó"
"491","4","Vitamin tổng hợp cho mèo"
"491","6","Sữa tắm cho mèo"
"492","4","Vitamin tổng hợp cho mèo"
"492","6","Sữa tắm cho mèo"
"493","4","Vitamin tổng hợp cho mèo"
"493","5","Thuốc tẩy giun cho mèo"
"494","18","Khăn ướt vệ sinh thú cưng"
"494","13","Sữa tắm cho chó"
"495","1","Hạt mèo Whiskas 1kg"
"495","2","Pate mèo cá ngừ"
"495","3","Cát vệ sinh mèo 10L"
"496","1","Hạt mèo Whiskas 1kg"
"496","2","Pate mèo cá ngừ"
"496","3","Cát vệ sinh mèo 10L"
"497","20","Bát ăn inox cho chó mèo"
"497","9","Pate chó vị bò"
"498","1","Hạt mèo Whiskas 1kg"
"498","2","Pate mèo cá ngừ"
"498","3","Cát vệ sinh mèo 10L"
"499","4","Vitamin tổng hợp cho mèo"
"499","5","Thuốc tẩy giun cho mèo"
"500","4","Vitamin tổng hợp cho mèo"
"500","5","Thuốc tẩy giun cho mèo"
"501","4","Vitamin tổng hợp cho mèo"
"501","5","Thuốc tẩy giun cho mèo"
"501","6","Sữa tắm cho mèo"
"502","4","Vitamin tổng hợp cho mèo"
"502","5","Thuốc tẩy giun cho mèo"
"502","6","Sữa tắm cho mèo"
"503","4","Vitamin tổng hợp cho mèo"
"503","5","Thuốc tẩy giun cho mèo"
"504","4","Vitamin tổng hợp cho mèo"
"505","1","Hạt mèo Whiskas 1kg"
"505","2","Pate mèo cá ngừ"
"505","3","Cát vệ sinh mèo 10L"
"506","1","Hạt mèo Whiskas 1kg"
"506","2","Pate mèo cá ngừ"
"506","3","Cát vệ sinh mèo 10L"
"507","1","Hạt mèo Whiskas 1kg"
"507","2","Pate mèo cá ngừ"
"507","3","Cát vệ sinh mèo 10L"
"508","1","Hạt mèo Whiskas 1kg"
"508","2","Pate mèo cá ngừ"
"508","3","Cát vệ sinh mèo 10L"
"509","4","Vitamin tổng hợp cho mèo"
"509","5","Thuốc tẩy giun cho mèo"
"509","6","Sữa tắm cho mèo"
"510","4","Vitamin tổng hợp cho mèo"
"510","5","Thuốc tẩy giun cho mèo"
"510","6","Sữa tắm cho mèo"
"511","4","Vitamin tổng hợp cho mèo"
"511","5","Thuốc tẩy giun cho mèo"
"512","14","Vòng cổ chống ve rận cho chó"
"512","12","Thuốc tiêu chảy cho chó"
"512","10","Xương gặm sạch răng cho chó"
"513","1","Hạt mèo Whiskas 1kg"
"513","2","Pate mèo cá ngừ"
"513","3","Cát vệ sinh mèo 10L"
"514","1","Hạt mèo Whiskas 1kg"
"514","2","Pate mèo cá ngừ"
"514","3","Cát vệ sinh mèo 10L"
"515","4","Vitamin tổng hợp cho mèo"
"515","6","Sữa tắm cho mèo"
"516","4","Vitamin tổng hợp cho mèo"
"516","5","Thuốc tẩy giun cho mèo"
"516","6","Sữa tắm cho mèo"
"517","1","Hạt mèo Whiskas 1kg"
"517","2","Pate mèo cá ngừ"
"517","3","Cát vệ sinh mèo 10L"
"518","4","Vitamin tổng hợp cho mèo"
"518","5","Thuốc tẩy giun cho mèo"
"518","6","Sữa tắm cho mèo"
"519","1","Hạt mèo Whiskas 1kg"
"519","2","Pate mèo cá ngừ"
"519","3","Cát vệ sinh mèo 10L"
"520","4","Vitamin tổng hợp cho mèo"
"520","5","Thuốc tẩy giun cho mèo"
"521","4","Vitamin tổng hợp cho mèo"
"521","5","Thuốc tẩy giun cho mèo"
"522","1","Hạt mèo Whiskas 1kg"
"522","2","Pate mèo cá ngừ"
"522","3","Cát vệ sinh mèo 10L"
"523","4","Vitamin tổng hợp cho mèo"
"523","5","Thuốc tẩy giun cho mèo"
"524","8","Hạt chó Pedigree 3kg"
"524","8","Hạt chó Pedigree 3kg"
"524","8","Hạt chó Pedigree 3kg"
"525","4","Vitamin tổng hợp cho mèo"
"525","5","Thuốc tẩy giun cho mèo"
"526","4","Vitamin tổng hợp cho mèo"
"526","5","Thuốc tẩy giun cho mèo"
"527","1","Hạt mèo Whiskas 1kg"
"527","2","Pate mèo cá ngừ"
"528","4","Vitamin tổng hợp cho mèo"
"528","5","Thuốc tẩy giun cho mèo"
"529","4","Vitamin tổng hợp cho mèo"
"529","5","Thuốc tẩy giun cho mèo"
"530","4","Vitamin tổng hợp cho mèo"
"530","5","Thuốc tẩy giun cho mèo"
"531","4","Vitamin tổng hợp cho mèo"
"531","5","Thuốc tẩy giun cho mèo"
"531","6","Sữa tắm cho mèo"
"532","1","Hạt mèo Whiskas 1kg"
"532","2","Pate mèo cá ngừ"
"532","3","Cát vệ sinh mèo 10L"
"533","1","Hạt mèo Whiskas 1kg"
"533","2","Pate mèo cá ngừ"
"533","3","Cát vệ sinh mèo 10L"
"534","4","Vitamin tổng hợp cho mèo"
"534","5","Thuốc tẩy giun cho mèo"
"535","19","Lồng vận chuyển thú cưng"
"536","1","Hạt mèo Whiskas 1kg"
"536","2","Pate mèo cá ngừ"
"536","3","Cát vệ sinh mèo 10L"
"537","11","Vitamin tăng đề kháng cho chó"
"537","12","Thuốc tiêu chảy cho chó"
"538","1","Hạt mèo Whiskas 1kg"
"538","2","Pate mèo cá ngừ"
"538","3","Cát vệ sinh mèo 10L"
"539","1","Hạt mèo Whiskas 1kg"
"539","2","Pate mèo cá ngừ"
"539","3","Cát vệ sinh mèo 10L"
"540","1","Hạt mèo Whiskas 1kg"
"540","2","Pate mèo cá ngừ"
"541","4","Vitamin tổng hợp cho mèo"
"541","6","Sữa tắm cho mèo"
"542","17","Bình sữa cho thú con"
"542","19","Lồng vận chuyển thú cưng"
"542","12","Thuốc tiêu chảy cho chó"
"543","4","Vitamin tổng hợp cho mèo"
"543","5","Thuốc tẩy giun cho mèo"
"544","1","Hạt mèo Whiskas 1kg"
"544","2","Pate mèo cá ngừ"
"544","3","Cát vệ sinh mèo 10L"
"545","4","Vitamin tổng hợp cho mèo"
"545","5","Thuốc tẩy giun cho mèo"
"546","1","Hạt mèo Whiskas 1kg"
"546","2","Pate mèo cá ngừ"
"546","3","Cát vệ sinh mèo 10L"
"547","4","Vitamin tổng hợp cho mèo"
"547","6","Sữa tắm cho mèo"
"548","1","Hạt mèo Whiskas 1kg"
"548","2","Pate mèo cá ngừ"
"548","3","Cát vệ sinh mèo 10L"
"549","13","Sữa tắm cho chó"
"550","1","Hạt mèo Whiskas 1kg"
"550","2","Pate mèo cá ngừ"
"550","3","Cát vệ sinh mèo 10L"
"551","20","Bát ăn inox cho chó mèo"
"552","4","Vitamin tổng hợp cho mèo"
"552","5","Thuốc tẩy giun cho mèo"
"553","12","Thuốc tiêu chảy cho chó"
"553","20","Bát ăn inox cho chó mèo"
"554","1","Hạt mèo Whiskas 1kg"
"554","2","Pate mèo cá ngừ"
"554","3","Cát vệ sinh mèo 10L"
"555","4","Vitamin tổng hợp cho mèo"
"555","5","Thuốc tẩy giun cho mèo"
"556","1","Hạt mèo Whiskas 1kg"
"556","2","Pate mèo cá ngừ"
"556","3","Cát vệ sinh mèo 10L"
"557","1","Hạt mèo Whiskas 1kg"
"557","2","Pate mèo cá ngừ"
"558","18","Khăn ướt vệ sinh thú cưng"
"558","16","Men tiêu hóa thú cưng"
"559","13","Sữa tắm cho chó"
"559","11","Vitamin tăng đề kháng cho chó"
"560","1","Hạt mèo Whiskas 1kg"
"560","2","Pate mèo cá ngừ"
"560","3","Cát vệ sinh mèo 10L"
"561","4","Vitamin tổng hợp cho mèo"
"561","5","Thuốc tẩy giun cho mèo"
"562","12","Thuốc tiêu chảy cho chó"
"562","10","Xương gặm sạch răng cho chó"
"562","7","Đồ chơi chuột giả cho mèo"
"563","4","Vitamin tổng hợp cho mèo"
"564","4","Vitamin tổng hợp cho mèo"
"564","5","Thuốc tẩy giun cho mèo"
"565","1","Hạt mèo Whiskas 1kg"
"565","2","Pate mèo cá ngừ"
"566","4","Vitamin tổng hợp cho mèo"
"566","5","Thuốc tẩy giun cho mèo"
"567","1","Hạt mèo Whiskas 1kg"
"567","2","Pate mèo cá ngừ"
"567","3","Cát vệ sinh mèo 10L"
"568","16","Men tiêu hóa thú cưng"
"569","1","Hạt mèo Whiskas 1kg"
"569","2","Pate mèo cá ngừ"
"570","4","Vitamin tổng hợp cho mèo"
"570","6","Sữa tắm cho mèo"
"571","13","Sữa tắm cho chó"
"571","18","Khăn ướt vệ sinh thú cưng"
"572","1","Hạt mèo Whiskas 1kg"
"572","2","Pate mèo cá ngừ"
"573","1","Hạt mèo Whiskas 1kg"
"573","2","Pate mèo cá ngừ"
"573","3","Cát vệ sinh mèo 10L"
"574","4","Vitamin tổng hợp cho mèo"
"574","6","Sữa tắm cho mèo"
"575","19","Lồng vận chuyển thú cưng"
"575","10","Xương gặm sạch răng cho chó"
"576","1","Hạt mèo Whiskas 1kg"
"576","2","Pate mèo cá ngừ"
"576","3","Cát vệ sinh mèo 10L"
"577","9","Pate chó vị bò"
"578","4","Vitamin tổng hợp cho mèo"
"579","4","Vitamin tổng hợp cho mèo"
"579","5","Thuốc tẩy giun cho mèo"
"579","6","Sữa tắm cho mèo"
"580","1","Hạt mèo Whiskas 1kg"
"580","2","Pate mèo cá ngừ"
"581","1","Hạt mèo Whiskas 1kg"
"581","2","Pate mèo cá ngừ"
"581","3","Cát vệ sinh mèo 10L"
"582","1","Hạt mèo Whiskas 1kg"
"582","2","Pate mèo cá ngừ"
"582","3","Cát vệ sinh mèo 10L"
"583","4","Vitamin tổng hợp cho mèo"
"583","5","Thuốc tẩy giun cho mèo"
"583","6","Sữa tắm cho mèo"
"584","1","Hạt mèo Whiskas 1kg"
"584","2","Pate mèo cá ngừ"
"584","3","Cát vệ sinh mèo 10L"
"585","4","Vitamin tổng hợp cho mèo"
"585","5","Thuốc tẩy giun cho mèo"
"586","1","Hạt mèo Whiskas 1kg"
"586","2","Pate mèo cá ngừ"
"586","3","Cát vệ sinh mèo 10L"
"587","18","Khăn ướt vệ sinh thú cưng"
"587","20","Bát ăn inox cho chó mèo"
"587","9","Pate chó vị bò"
"588","4","Vitamin tổng hợp cho mèo"
"589","1","Hạt mèo Whiskas 1kg"
"589","2","Pate mèo cá ngừ"
"589","3","Cát vệ sinh mèo 10L"
"590","1","Hạt mèo Whiskas 1kg"
"590","2","Pate mèo cá ngừ"
"591","4","Vitamin tổng hợp cho mèo"
"591","5","Thuốc tẩy giun cho mèo"
"592","4","Vitamin tổng hợp cho mèo"
"592","5","Thuốc tẩy giun cho mèo"
"593","19","Lồng vận chuyển thú cưng"
"593","11","Vitamin tăng đề kháng cho chó"
"593","18","Khăn ướt vệ sinh thú cưng"
"594","4","Vitamin tổng hợp cho mèo"
"594","5","Thuốc tẩy giun cho mèo"
"594","6","Sữa tắm cho mèo"
"595","4","Vitamin tổng hợp cho mèo"
"595","5","Thuốc tẩy giun cho mèo"
"596","4","Vitamin tổng hợp cho mèo"
"596","5","Thuốc tẩy giun cho mèo"
"597","4","Vitamin tổng hợp cho mèo"
"597","5","Thuốc tẩy giun cho mèo"
"597","6","Sữa tắm cho mèo"
"598","1","Hạt mèo Whiskas 1kg"
"598","2","Pate mèo cá ngừ"
"598","3","Cát vệ sinh mèo 10L"
"599","1","Hạt mèo Whiskas 1kg"
"599","2","Pate mèo cá ngừ"
"600","1","Hạt mèo Whiskas 1kg"
"600","2","Pate mèo cá ngừ"
"600","3","Cát vệ sinh mèo 10L"
"601","1","Hạt mèo Whiskas 1kg"
"601","2","Pate mèo cá ngừ"
"601","3","Cát vệ sinh mèo 10L"
"602","1","Hạt mèo Whiskas 1kg"
"602","2","Pate mèo cá ngừ"
"603","1","Hạt mèo Whiskas 1kg"
"603","2","Pate mèo cá ngừ"
"604","4","Vitamin tổng hợp cho mèo"
"604","5","Thuốc tẩy giun cho mèo"
"605","4","Vitamin tổng hợp cho mèo"
"605","5","Thuốc tẩy giun cho mèo"
"606","1","Hạt mèo Whiskas 1kg"
"606","2","Pate mèo cá ngừ"
"607","17","Bình sữa cho thú con"
"607","20","Bát ăn inox cho chó mèo"
"607","18","Khăn ướt vệ sinh thú cưng"
"608","9","Pate chó vị bò"
"608","16","Men tiêu hóa thú cưng"
"609","1","Hạt mèo Whiskas 1kg"
"609","2","Pate mèo cá ngừ"
"610","4","Vitamin tổng hợp cho mèo"
"611","1","Hạt mèo Whiskas 1kg"
"611","2","Pate mèo cá ngừ"
"612","4","Vitamin tổng hợp cho mèo"
"612","5","Thuốc tẩy giun cho mèo"
"612","6","Sữa tắm cho mèo"
"613","1","Hạt mèo Whiskas 1kg"
"613","2","Pate mèo cá ngừ"
"613","3","Cát vệ sinh mèo 10L"
"614","9","Pate chó vị bò"
"615","9","Pate chó vị bò"
"616","1","Hạt mèo Whiskas 1kg"
"616","2","Pate mèo cá ngừ"
"617","4","Vitamin tổng hợp cho mèo"
"617","5","Thuốc tẩy giun cho mèo"
"618","4","Vitamin tổng hợp cho mèo"
"618","5","Thuốc tẩy giun cho mèo"
"619","4","Vitamin tổng hợp cho mèo"
"619","5","Thuốc tẩy giun cho mèo"
"620","4","Vitamin tổng hợp cho mèo"
"621","1","Hạt mèo Whiskas 1kg"
"621","2","Pate mèo cá ngừ"
"621","3","Cát vệ sinh mèo 10L"
"622","1","Hạt mèo Whiskas 1kg"
"622","2","Pate mèo cá ngừ"
"622","3","Cát vệ sinh mèo 10L"
"623","4","Vitamin tổng hợp cho mèo"
"623","5","Thuốc tẩy giun cho mèo"
"624","17","Bình sữa cho thú con"
"624","8","Hạt chó Pedigree 3kg"
"625","1","Hạt mèo Whiskas 1kg"
"625","2","Pate mèo cá ngừ"
"625","3","Cát vệ sinh mèo 10L"
"626","1","Hạt mèo Whiskas 1kg"
"626","2","Pate mèo cá ngừ"
"627","1","Hạt mèo Whiskas 1kg"
"627","2","Pate mèo cá ngừ"
"628","4","Vitamin tổng hợp cho mèo"
"628","5","Thuốc tẩy giun cho mèo"
"629","4","Vitamin tổng hợp cho mèo"
"629","5","Thuốc tẩy giun cho mèo"
"629","6","Sữa tắm cho mèo"
"630","4","Vitamin tổng hợp cho mèo"
"630","5","Thuốc tẩy giun cho mèo"
"630","6","Sữa tắm cho mèo"
"631","1","Hạt mèo Whiskas 1kg"
"631","2","Pate mèo cá ngừ"
"631","3","Cát vệ sinh mèo 10L"
"632","4","Vitamin tổng hợp cho mèo"
"632","5","Thuốc tẩy giun cho mèo"
"633","8","Hạt chó Pedigree 3kg"
"633","20","Bát ăn inox cho chó mèo"
"634","4","Vitamin tổng hợp cho mèo"
"634","5","Thuốc tẩy giun cho mèo"
"635","4","Vitamin tổng hợp cho mèo"
"635","5","Thuốc tẩy giun cho mèo"
"636","20","Bát ăn inox cho chó mèo"
"636","14","Vòng cổ chống ve rận cho chó"
"637","1","Hạt mèo Whiskas 1kg"
"637","2","Pate mèo cá ngừ"
"637","3","Cát vệ sinh mèo 10L"
"638","1","Hạt mèo Whiskas 1kg"
"638","2","Pate mèo cá ngừ"
"639","17","Bình sữa cho thú con"
"639","11","Vitamin tăng đề kháng cho chó"
"640","4","Vitamin tổng hợp cho mèo"
"640","6","Sữa tắm cho mèo"
"641","4","Vitamin tổng hợp cho mèo"
"642","1","Hạt mèo Whiskas 1kg"
"642","2","Pate mèo cá ngừ"
"642","3","Cát vệ sinh mèo 10L"
"643","10","Xương gặm sạch răng cho chó"
"643","17","Bình sữa cho thú con"
"643","7","Đồ chơi chuột giả cho mèo"
"644","1","Hạt mèo Whiskas 1kg"
"644","2","Pate mèo cá ngừ"
"645","4","Vitamin tổng hợp cho mèo"
"645","5","Thuốc tẩy giun cho mèo"
"645","6","Sữa tắm cho mèo"
"646","4","Vitamin tổng hợp cho mèo"
"646","6","Sữa tắm cho mèo"
"647","7","Đồ chơi chuột giả cho mèo"
"647","10","Xương gặm sạch răng cho chó"
"648","1","Hạt mèo Whiskas 1kg"
"648","2","Pate mèo cá ngừ"
"649","4","Vitamin tổng hợp cho mèo"
"649","5","Thuốc tẩy giun cho mèo"
"650","1","Hạt mèo Whiskas 1kg"
"650","2","Pate mèo cá ngừ"
"651","1","Hạt mèo Whiskas 1kg"
"651","2","Pate mèo cá ngừ"
"652","1","Hạt mèo Whiskas 1kg"
"652","2","Pate mèo cá ngừ"
"652","3","Cát vệ sinh mèo 10L"
"653","4","Vitamin tổng hợp cho mèo"
"653","5","Thuốc tẩy giun cho mèo"
"653","6","Sữa tắm cho mèo"
"654","19","Lồng vận chuyển thú cưng"
"655","4","Vitamin tổng hợp cho mèo"
"655","5","Thuốc tẩy giun cho mèo"
"656","1","Hạt mèo Whiskas 1kg"
"656","2","Pate mèo cá ngừ"
"656","3","Cát vệ sinh mèo 10L"
"657","4","Vitamin tổng hợp cho mèo"
"657","5","Thuốc tẩy giun cho mèo"
"658","4","Vitamin tổng hợp cho mèo"
"658","6","Sữa tắm cho mèo"
"659","17","Bình sữa cho thú con"
"659","17","Bình sữa cho thú con"
"659","13","Sữa tắm cho chó"
"660","4","Vitamin tổng hợp cho mèo"
"660","5","Thuốc tẩy giun cho mèo"
"661","4","Vitamin tổng hợp cho mèo"
"661","6","Sữa tắm cho mèo"
"662","4","Vitamin tổng hợp cho mèo"
"662","5","Thuốc tẩy giun cho mèo"
"663","18","Khăn ướt vệ sinh thú cưng"
"663","13","Sữa tắm cho chó"
"664","1","Hạt mèo Whiskas 1kg"
"664","2","Pate mèo cá ngừ"
"665","13","Sữa tắm cho chó"
"666","18","Khăn ướt vệ sinh thú cưng"
"666","17","Bình sữa cho thú con"
"667","4","Vitamin tổng hợp cho mèo"
"667","5","Thuốc tẩy giun cho mèo"
"667","6","Sữa tắm cho mèo"
"668","1","Hạt mèo Whiskas 1kg"
"668","2","Pate mèo cá ngừ"
"669","1","Hạt mèo Whiskas 1kg"
"669","2","Pate mèo cá ngừ"
"669","3","Cát vệ sinh mèo 10L"
"670","1","Hạt mèo Whiskas 1kg"
"670","2","Pate mèo cá ngừ"
"670","3","Cát vệ sinh mèo 10L"
"671","4","Vitamin tổng hợp cho mèo"
"671","5","Thuốc tẩy giun cho mèo"
"672","1","Hạt mèo Whiskas 1kg"
"672","2","Pate mèo cá ngừ"
"672","3","Cát vệ sinh mèo 10L"
"673","4","Vitamin tổng hợp cho mèo"
"673","5","Thuốc tẩy giun cho mèo"
"673","6","Sữa tắm cho mèo"
"674","4","Vitamin tổng hợp cho mèo"
"674","5","Thuốc tẩy giun cho mèo"
"675","1","Hạt mèo Whiskas 1kg"
"675","2","Pate mèo cá ngừ"
"676","4","Vitamin tổng hợp cho mèo"
"676","6","Sữa tắm cho mèo"
"677","1","Hạt mèo Whiskas 1kg"
"677","2","Pate mèo cá ngừ"
"678","4","Vitamin tổng hợp cho mèo"
"678","5","Thuốc tẩy giun cho mèo"
"678","6","Sữa tắm cho mèo"
"679","4","Vitamin tổng hợp cho mèo"
"679","5","Thuốc tẩy giun cho mèo"
"679","6","Sữa tắm cho mèo"
"680","4","Vitamin tổng hợp cho mèo"
"680","5","Thuốc tẩy giun cho mèo"
"680","6","Sữa tắm cho mèo"
"681","1","Hạt mèo Whiskas 1kg"
"681","2","Pate mèo cá ngừ"
"682","15","Thuốc nhỏ mắt thú cưng"
"683","4","Vitamin tổng hợp cho mèo"
"683","5","Thuốc tẩy giun cho mèo"
"683","6","Sữa tắm cho mèo"
"684","1","Hạt mèo Whiskas 1kg"
"684","2","Pate mèo cá ngừ"
"684","3","Cát vệ sinh mèo 10L"
"685","15","Thuốc nhỏ mắt thú cưng"
"686","13","Sữa tắm cho chó"
"686","11","Vitamin tăng đề kháng cho chó"
"687","12","Thuốc tiêu chảy cho chó"
"687","8","Hạt chó Pedigree 3kg"
"688","13","Sữa tắm cho chó"
"688","19","Lồng vận chuyển thú cưng"
"689","4","Vitamin tổng hợp cho mèo"
"689","5","Thuốc tẩy giun cho mèo"
"689","6","Sữa tắm cho mèo"
"690","4","Vitamin tổng hợp cho mèo"
"690","5","Thuốc tẩy giun cho mèo"
"691","1","Hạt mèo Whiskas 1kg"
"691","2","Pate mèo cá ngừ"
"691","3","Cát vệ sinh mèo 10L"
"692","1","Hạt mèo Whiskas 1kg"
"692","2","Pate mèo cá ngừ"
"693","1","Hạt mèo Whiskas 1kg"
"693","2","Pate mèo cá ngừ"
"693","3","Cát vệ sinh mèo 10L"
"694","1","Hạt mèo Whiskas 1kg"
"694","2","Pate mèo cá ngừ"
"694","3","Cát vệ sinh mèo 10L"
"695","16","Men tiêu hóa thú cưng"
"695","19","Lồng vận chuyển thú cưng"
"696","4","Vitamin tổng hợp cho mèo"
"696","5","Thuốc tẩy giun cho mèo"
"697","1","Hạt mèo Whiskas 1kg"
"697","2","Pate mèo cá ngừ"
"698","1","Hạt mèo Whiskas 1kg"
"698","2","Pate mèo cá ngừ"
"698","3","Cát vệ sinh mèo 10L"
"699","1","Hạt mèo Whiskas 1kg"
"699","2","Pate mèo cá ngừ"
"699","3","Cát vệ sinh mèo 10L"
"700","4","Vitamin tổng hợp cho mèo"
"700","5","Thuốc tẩy giun cho mèo"
"700","6","Sữa tắm cho mèo"
"701","4","Vitamin tổng hợp cho mèo"
"701","5","Thuốc tẩy giun cho mèo"
"702","1","Hạt mèo Whiskas 1kg"
"702","2","Pate mèo cá ngừ"
"703","4","Vitamin tổng hợp cho mèo"
"703","5","Thuốc tẩy giun cho mèo"
"704","1","Hạt mèo Whiskas 1kg"
"704","2","Pate mèo cá ngừ"
"704","3","Cát vệ sinh mèo 10L"
"705","4","Vitamin tổng hợp cho mèo"
"705","5","Thuốc tẩy giun cho mèo"
"706","1","Hạt mèo Whiskas 1kg"
"706","2","Pate mèo cá ngừ"
"707","1","Hạt mèo Whiskas 1kg"
"707","2","Pate mèo cá ngừ"
"707","3","Cát vệ sinh mèo 10L"
"708","1","Hạt mèo Whiskas 1kg"
"708","2","Pate mèo cá ngừ"
"708","3","Cát vệ sinh mèo 10L"
"709","1","Hạt mèo Whiskas 1kg"
"709","2","Pate mèo cá ngừ"
"709","3","Cát vệ sinh mèo 10L"
"710","4","Vitamin tổng hợp cho mèo"
"710","5","Thuốc tẩy giun cho mèo"
"711","1","Hạt mèo Whiskas 1kg"
"711","2","Pate mèo cá ngừ"
"711","3","Cát vệ sinh mèo 10L"
"712","1","Hạt mèo Whiskas 1kg"
"712","2","Pate mèo cá ngừ"
"713","4","Vitamin tổng hợp cho mèo"
"713","5","Thuốc tẩy giun cho mèo"
"714","4","Vitamin tổng hợp cho mèo"
"714","5","Thuốc tẩy giun cho mèo"
"715","4","Vitamin tổng hợp cho mèo"
"715","5","Thuốc tẩy giun cho mèo"
"716","1","Hạt mèo Whiskas 1kg"
"716","2","Pate mèo cá ngừ"
"716","3","Cát vệ sinh mèo 10L"
"717","1","Hạt mèo Whiskas 1kg"
"717","2","Pate mèo cá ngừ"
"718","4","Vitamin tổng hợp cho mèo"
"718","5","Thuốc tẩy giun cho mèo"
"718","6","Sữa tắm cho mèo"
"719","1","Hạt mèo Whiskas 1kg"
"719","2","Pate mèo cá ngừ"
"719","3","Cát vệ sinh mèo 10L"
"720","1","Hạt mèo Whiskas 1kg"
"720","2","Pate mèo cá ngừ"
"720","3","Cát vệ sinh mèo 10L"
"721","13","Sữa tắm cho chó"
"721","19","Lồng vận chuyển thú cưng"
"722","17","Bình sữa cho thú con"
"722","9","Pate chó vị bò"
"723","1","Hạt mèo Whiskas 1kg"
"723","2","Pate mèo cá ngừ"
"723","3","Cát vệ sinh mèo 10L"
"724","13","Sữa tắm cho chó"
"724","19","Lồng vận chuyển thú cưng"
"725","1","Hạt mèo Whiskas 1kg"
"725","2","Pate mèo cá ngừ"
"725","3","Cát vệ sinh mèo 10L"
"726","1","Hạt mèo Whiskas 1kg"
"726","2","Pate mèo cá ngừ"
"726","3","Cát vệ sinh mèo 10L"
"727","1","Hạt mèo Whiskas 1kg"
"727","2","Pate mèo cá ngừ"
"728","4","Vitamin tổng hợp cho mèo"
"728","5","Thuốc tẩy giun cho mèo"
"729","15","Thuốc nhỏ mắt thú cưng"
"729","16","Men tiêu hóa thú cưng"
"730","1","Hạt mèo Whiskas 1kg"
"730","2","Pate mèo cá ngừ"
"730","3","Cát vệ sinh mèo 10L"
"731","16","Men tiêu hóa thú cưng"
"731","9","Pate chó vị bò"
"732","4","Vitamin tổng hợp cho mèo"
"733","4","Vitamin tổng hợp cho mèo"
"733","5","Thuốc tẩy giun cho mèo"
"734","4","Vitamin tổng hợp cho mèo"
"734","5","Thuốc tẩy giun cho mèo"
"735","4","Vitamin tổng hợp cho mèo"
"735","5","Thuốc tẩy giun cho mèo"
"735","6","Sữa tắm cho mèo"
"736","20","Bát ăn inox cho chó mèo"
"736","17","Bình sữa cho thú con"
"737","7","Đồ chơi chuột giả cho mèo"
"737","12","Thuốc tiêu chảy cho chó"
"738","4","Vitamin tổng hợp cho mèo"
"739","4","Vitamin tổng hợp cho mèo"
"739","5","Thuốc tẩy giun cho mèo"
"740","1","Hạt mèo Whiskas 1kg"
"740","2","Pate mèo cá ngừ"
"740","3","Cát vệ sinh mèo 10L"
"741","4","Vitamin tổng hợp cho mèo"
"741","5","Thuốc tẩy giun cho mèo"
"742","1","Hạt mèo Whiskas 1kg"
"742","2","Pate mèo cá ngừ"
"742","3","Cát vệ sinh mèo 10L"
"743","11","Vitamin tăng đề kháng cho chó"
"743","10","Xương gặm sạch răng cho chó"
"743","11","Vitamin tăng đề kháng cho chó"
"744","4","Vitamin tổng hợp cho mèo"
"744","5","Thuốc tẩy giun cho mèo"
"744","6","Sữa tắm cho mèo"
"745","4","Vitamin tổng hợp cho mèo"
"745","5","Thuốc tẩy giun cho mèo"
"746","4","Vitamin tổng hợp cho mèo"
"746","5","Thuốc tẩy giun cho mèo"
"747","4","Vitamin tổng hợp cho mèo"
"747","5","Thuốc tẩy giun cho mèo"
"748","1","Hạt mèo Whiskas 1kg"
"748","2","Pate mèo cá ngừ"
"748","3","Cát vệ sinh mèo 10L"
"749","4","Vitamin tổng hợp cho mèo"
"749","5","Thuốc tẩy giun cho mèo"
"749","6","Sữa tắm cho mèo"
"750","1","Hạt mèo Whiskas 1kg"
"750","2","Pate mèo cá ngừ"
"750","3","Cát vệ sinh mèo 10L"
"751","4","Vitamin tổng hợp cho mèo"
"751","5","Thuốc tẩy giun cho mèo"
"752","8","Hạt chó Pedigree 3kg"
"752","12","Thuốc tiêu chảy cho chó"
"753","1","Hạt mèo Whiskas 1kg"
"753","2","Pate mèo cá ngừ"
"753","3","Cát vệ sinh mèo 10L"
"754","1","Hạt mèo Whiskas 1kg"
"754","2","Pate mèo cá ngừ"
"754","3","Cát vệ sinh mèo 10L"
"755","1","Hạt mèo Whiskas 1kg"
"755","2","Pate mèo cá ngừ"
"755","3","Cát vệ sinh mèo 10L"
"756","4","Vitamin tổng hợp cho mèo"
"756","5","Thuốc tẩy giun cho mèo"
"756","6","Sữa tắm cho mèo"
"757","1","Hạt mèo Whiskas 1kg"
"757","2","Pate mèo cá ngừ"
"757","3","Cát vệ sinh mèo 10L"
"758","1","Hạt mèo Whiskas 1kg"
"758","2","Pate mèo cá ngừ"
"758","3","Cát vệ sinh mèo 10L"
"759","1","Hạt mèo Whiskas 1kg"
"759","2","Pate mèo cá ngừ"
"759","3","Cát vệ sinh mèo 10L"
"760","4","Vitamin tổng hợp cho mèo"
"760","5","Thuốc tẩy giun cho mèo"
"761","4","Vitamin tổng hợp cho mèo"
"761","6","Sữa tắm cho mèo"
"762","4","Vitamin tổng hợp cho mèo"
"762","5","Thuốc tẩy giun cho mèo"
"763","1","Hạt mèo Whiskas 1kg"
"763","2","Pate mèo cá ngừ"
"763","3","Cát vệ sinh mèo 10L"
"764","4","Vitamin tổng hợp cho mèo"
"764","5","Thuốc tẩy giun cho mèo"
"764","6","Sữa tắm cho mèo"
"765","1","Hạt mèo Whiskas 1kg"
"765","2","Pate mèo cá ngừ"
"765","3","Cát vệ sinh mèo 10L"
"766","1","Hạt mèo Whiskas 1kg"
"766","2","Pate mèo cá ngừ"
"766","3","Cát vệ sinh mèo 10L"
"767","4","Vitamin tổng hợp cho mèo"
"767","5","Thuốc tẩy giun cho mèo"
"768","18","Khăn ướt vệ sinh thú cưng"
"769","13","Sữa tắm cho chó"
"769","17","Bình sữa cho thú con"
"769","12","Thuốc tiêu chảy cho chó"
"770","1","Hạt mèo Whiskas 1kg"
"770","2","Pate mèo cá ngừ"
"770","3","Cát vệ sinh mèo 10L"
"771","4","Vitamin tổng hợp cho mèo"
"771","5","Thuốc tẩy giun cho mèo"
"772","14","Vòng cổ chống ve rận cho chó"
"772","15","Thuốc nhỏ mắt thú cưng"
"773","4","Vitamin tổng hợp cho mèo"
"773","5","Thuốc tẩy giun cho mèo"
"773","6","Sữa tắm cho mèo"
"774","1","Hạt mèo Whiskas 1kg"
"774","2","Pate mèo cá ngừ"
"774","3","Cát vệ sinh mèo 10L"
"775","1","Hạt mèo Whiskas 1kg"
"775","2","Pate mèo cá ngừ"
"776","16","Men tiêu hóa thú cưng"
"776","19","Lồng vận chuyển thú cưng"
"777","12","Thuốc tiêu chảy cho chó"
"778","1","Hạt mèo Whiskas 1kg"
"778","2","Pate mèo cá ngừ"
"778","3","Cát vệ sinh mèo 10L"
"779","4","Vitamin tổng hợp cho mèo"
"779","5","Thuốc tẩy giun cho mèo"
"779","6","Sữa tắm cho mèo"
"780","4","Vitamin tổng hợp cho mèo"
"780","5","Thuốc tẩy giun cho mèo"
"780","6","Sữa tắm cho mèo"
"781","4","Vitamin tổng hợp cho mèo"
"781","5","Thuốc tẩy giun cho mèo"
"782","4","Vitamin tổng hợp cho mèo"
"782","5","Thuốc tẩy giun cho mèo"
"783","7","Đồ chơi chuột giả cho mèo"
"783","18","Khăn ướt vệ sinh thú cưng"
"783","19","Lồng vận chuyển thú cưng"
"784","8","Hạt chó Pedigree 3kg"
"784","19","Lồng vận chuyển thú cưng"
"785","4","Vitamin tổng hợp cho mèo"
"785","5","Thuốc tẩy giun cho mèo"
"786","4","Vitamin tổng hợp cho mèo"
"786","5","Thuốc tẩy giun cho mèo"
"787","10","Xương gặm sạch răng cho chó"
"787","11","Vitamin tăng đề kháng cho chó"
"787","7","Đồ chơi chuột giả cho mèo"
"788","4","Vitamin tổng hợp cho mèo"
"788","5","Thuốc tẩy giun cho mèo"
"789","4","Vitamin tổng hợp cho mèo"
"789","5","Thuốc tẩy giun cho mèo"
"790","1","Hạt mèo Whiskas 1kg"
"790","2","Pate mèo cá ngừ"
"791","4","Vitamin tổng hợp cho mèo"
"791","5","Thuốc tẩy giun cho mèo"
"791","6","Sữa tắm cho mèo"
"792","1","Hạt mèo Whiskas 1kg"
"792","2","Pate mèo cá ngừ"
"792","3","Cát vệ sinh mèo 10L"
"793","4","Vitamin tổng hợp cho mèo"
"793","5","Thuốc tẩy giun cho mèo"
"794","1","Hạt mèo Whiskas 1kg"
"794","2","Pate mèo cá ngừ"
"794","3","Cát vệ sinh mèo 10L"
"795","4","Vitamin tổng hợp cho mèo"
"795","6","Sữa tắm cho mèo"
"796","1","Hạt mèo Whiskas 1kg"
"796","2","Pate mèo cá ngừ"
"797","4","Vitamin tổng hợp cho mèo"
"797","6","Sữa tắm cho mèo"
"798","1","Hạt mèo Whiskas 1kg"
"798","2","Pate mèo cá ngừ"
"799","4","Vitamin tổng hợp cho mèo"
"800","16","Men tiêu hóa thú cưng"
"800","13","Sữa tắm cho chó"
"801","4","Vitamin tổng hợp cho mèo"
"801","5","Thuốc tẩy giun cho mèo"
"801","6","Sữa tắm cho mèo"
"802","16","Men tiêu hóa thú cưng"
"802","9","Pate chó vị bò"
"802","7","Đồ chơi chuột giả cho mèo"
"803","10","Xương gặm sạch răng cho chó"
"803","19","Lồng vận chuyển thú cưng"
"803","19","Lồng vận chuyển thú cưng"
"804","1","Hạt mèo Whiskas 1kg"
"804","2","Pate mèo cá ngừ"
"805","4","Vitamin tổng hợp cho mèo"
"805","5","Thuốc tẩy giun cho mèo"
"806","1","Hạt mèo Whiskas 1kg"
"806","2","Pate mèo cá ngừ"
"806","3","Cát vệ sinh mèo 10L"
"807","4","Vitamin tổng hợp cho mèo"
"807","5","Thuốc tẩy giun cho mèo"
"807","6","Sữa tắm cho mèo"
"808","18","Khăn ướt vệ sinh thú cưng"
"809","4","Vitamin tổng hợp cho mèo"
"809","5","Thuốc tẩy giun cho mèo"
"810","4","Vitamin tổng hợp cho mèo"
"810","5","Thuốc tẩy giun cho mèo"
"811","1","Hạt mèo Whiskas 1kg"
"811","2","Pate mèo cá ngừ"
"811","3","Cát vệ sinh mèo 10L"
"812","11","Vitamin tăng đề kháng cho chó"
"812","7","Đồ chơi chuột giả cho mèo"
"813","10","Xương gặm sạch răng cho chó"
"813","9","Pate chó vị bò"
"814","1","Hạt mèo Whiskas 1kg"
"814","2","Pate mèo cá ngừ"
"814","3","Cát vệ sinh mèo 10L"
"815","9","Pate chó vị bò"
"815","11","Vitamin tăng đề kháng cho chó"
"816","4","Vitamin tổng hợp cho mèo"
"816","5","Thuốc tẩy giun cho mèo"
"817","4","Vitamin tổng hợp cho mèo"
"817","6","Sữa tắm cho mèo"
"818","1","Hạt mèo Whiskas 1kg"
"818","2","Pate mèo cá ngừ"
"819","1","Hạt mèo Whiskas 1kg"
"819","2","Pate mèo cá ngừ"
"819","3","Cát vệ sinh mèo 10L"
"820","4","Vitamin tổng hợp cho mèo"
"820","5","Thuốc tẩy giun cho mèo"
"821","1","Hạt mèo Whiskas 1kg"
"821","2","Pate mèo cá ngừ"
"822","12","Thuốc tiêu chảy cho chó"
"823","1","Hạt mèo Whiskas 1kg"
"823","2","Pate mèo cá ngừ"
"823","3","Cát vệ sinh mèo 10L"
"824","4","Vitamin tổng hợp cho mèo"
"824","5","Thuốc tẩy giun cho mèo"
"824","6","Sữa tắm cho mèo"
"825","4","Vitamin tổng hợp cho mèo"
"825","5","Thuốc tẩy giun cho mèo"
"825","6","Sữa tắm cho mèo"
"826","12","Thuốc tiêu chảy cho chó"
"826","19","Lồng vận chuyển thú cưng"
"827","1","Hạt mèo Whiskas 1kg"
"827","2","Pate mèo cá ngừ"
"828","17","Bình sữa cho thú con"
"829","4","Vitamin tổng hợp cho mèo"
"829","5","Thuốc tẩy giun cho mèo"
"829","6","Sữa tắm cho mèo"
"830","4","Vitamin tổng hợp cho mèo"
"830","5","Thuốc tẩy giun cho mèo"
"831","1","Hạt mèo Whiskas 1kg"
"831","2","Pate mèo cá ngừ"
"831","3","Cát vệ sinh mèo 10L"
"832","4","Vitamin tổng hợp cho mèo"
"832","5","Thuốc tẩy giun cho mèo"
"833","1","Hạt mèo Whiskas 1kg"
"833","2","Pate mèo cá ngừ"
"833","3","Cát vệ sinh mèo 10L"
"834","4","Vitamin tổng hợp cho mèo"
"835","1","Hạt mèo Whiskas 1kg"
"835","2","Pate mèo cá ngừ"
"835","3","Cát vệ sinh mèo 10L"
"836","4","Vitamin tổng hợp cho mèo"
"836","6","Sữa tắm cho mèo"
"837","17","Bình sữa cho thú con"
"837","8","Hạt chó Pedigree 3kg"
"837","11","Vitamin tăng đề kháng cho chó"
"838","1","Hạt mèo Whiskas 1kg"
"838","2","Pate mèo cá ngừ"
"839","4","Vitamin tổng hợp cho mèo"
"839","5","Thuốc tẩy giun cho mèo"
"839","6","Sữa tắm cho mèo"
"840","19","Lồng vận chuyển thú cưng"
"841","4","Vitamin tổng hợp cho mèo"
"842","4","Vitamin tổng hợp cho mèo"
"843","4","Vitamin tổng hợp cho mèo"
"843","5","Thuốc tẩy giun cho mèo"
"843","6","Sữa tắm cho mèo"
"844","19","Lồng vận chuyển thú cưng"
"844","20","Bát ăn inox cho chó mèo"
"845","1","Hạt mèo Whiskas 1kg"
"845","2","Pate mèo cá ngừ"
"845","3","Cát vệ sinh mèo 10L"
"846","1","Hạt mèo Whiskas 1kg"
"846","2","Pate mèo cá ngừ"
"846","3","Cát vệ sinh mèo 10L"
"847","4","Vitamin tổng hợp cho mèo"
"848","4","Vitamin tổng hợp cho mèo"
"849","4","Vitamin tổng hợp cho mèo"
"849","5","Thuốc tẩy giun cho mèo"
"850","4","Vitamin tổng hợp cho mèo"
"850","5","Thuốc tẩy giun cho mèo"
"851","1","Hạt mèo Whiskas 1kg"
"851","2","Pate mèo cá ngừ"
"852","4","Vitamin tổng hợp cho mèo"
"852","5","Thuốc tẩy giun cho mèo"
"852","6","Sữa tắm cho mèo"
"853","19","Lồng vận chuyển thú cưng"
"854","1","Hạt mèo Whiskas 1kg"
"854","2","Pate mèo cá ngừ"
"854","3","Cát vệ sinh mèo 10L"
"855","12","Thuốc tiêu chảy cho chó"
"856","4","Vitamin tổng hợp cho mèo"
"856","5","Thuốc tẩy giun cho mèo"
"856","6","Sữa tắm cho mèo"
"857","13","Sữa tắm cho chó"
"858","4","Vitamin tổng hợp cho mèo"
"858","5","Thuốc tẩy giun cho mèo"
"859","4","Vitamin tổng hợp cho mèo"
"859","5","Thuốc tẩy giun cho mèo"
"859","6","Sữa tắm cho mèo"
"860","14","Vòng cổ chống ve rận cho chó"
"861","1","Hạt mèo Whiskas 1kg"
"861","2","Pate mèo cá ngừ"
"862","1","Hạt mèo Whiskas 1kg"
"862","2","Pate mèo cá ngừ"
"862","3","Cát vệ sinh mèo 10L"
"863","13","Sữa tắm cho chó"
"863","12","Thuốc tiêu chảy cho chó"
"864","4","Vitamin tổng hợp cho mèo"
"864","5","Thuốc tẩy giun cho mèo"
"865","4","Vitamin tổng hợp cho mèo"
"865","5","Thuốc tẩy giun cho mèo"
"865","6","Sữa tắm cho mèo"
"866","4","Vitamin tổng hợp cho mèo"
"866","5","Thuốc tẩy giun cho mèo"
"867","4","Vitamin tổng hợp cho mèo"
"867","5","Thuốc tẩy giun cho mèo"
"868","15","Thuốc nhỏ mắt thú cưng"
"868","8","Hạt chó Pedigree 3kg"
"869","4","Vitamin tổng hợp cho mèo"
"869","5","Thuốc tẩy giun cho mèo"
"870","4","Vitamin tổng hợp cho mèo"
"870","5","Thuốc tẩy giun cho mèo"
"871","1","Hạt mèo Whiskas 1kg"
"871","2","Pate mèo cá ngừ"
"871","3","Cát vệ sinh mèo 10L"
"872","1","Hạt mèo Whiskas 1kg"
"872","2","Pate mèo cá ngừ"
"872","3","Cát vệ sinh mèo 10L"
"873","1","Hạt mèo Whiskas 1kg"
"873","2","Pate mèo cá ngừ"
"873","3","Cát vệ sinh mèo 10L"
"874","8","Hạt chó Pedigree 3kg"
"874","10","Xương gặm sạch răng cho chó"
"875","1","Hạt mèo Whiskas 1kg"
"875","2","Pate mèo cá ngừ"
"875","3","Cát vệ sinh mèo 10L"
"876","1","Hạt mèo Whiskas 1kg"
"876","2","Pate mèo cá ngừ"
"876","3","Cát vệ sinh mèo 10L"
"877","1","Hạt mèo Whiskas 1kg"
"877","2","Pate mèo cá ngừ"
"877","3","Cát vệ sinh mèo 10L"
"878","1","Hạt mèo Whiskas 1kg"
"878","2","Pate mèo cá ngừ"
"878","3","Cát vệ sinh mèo 10L"
"879","1","Hạt mèo Whiskas 1kg"
"879","2","Pate mèo cá ngừ"
"879","3","Cát vệ sinh mèo 10L"
"880","10","Xương gặm sạch răng cho chó"
"881","1","Hạt mèo Whiskas 1kg"
"881","2","Pate mèo cá ngừ"
"881","3","Cát vệ sinh mèo 10L"
"882","4","Vitamin tổng hợp cho mèo"
"882","5","Thuốc tẩy giun cho mèo"
"882","6","Sữa tắm cho mèo"
"883","1","Hạt mèo Whiskas 1kg"
"883","2","Pate mèo cá ngừ"
"883","3","Cát vệ sinh mèo 10L"
"884","4","Vitamin tổng hợp cho mèo"
"884","5","Thuốc tẩy giun cho mèo"
"884","6","Sữa tắm cho mèo"
"885","4","Vitamin tổng hợp cho mèo"
"885","5","Thuốc tẩy giun cho mèo"
"885","6","Sữa tắm cho mèo"
"886","1","Hạt mèo Whiskas 1kg"
"886","2","Pate mèo cá ngừ"
"887","19","Lồng vận chuyển thú cưng"
"888","1","Hạt mèo Whiskas 1kg"
"888","2","Pate mèo cá ngừ"
"888","3","Cát vệ sinh mèo 10L"
"889","4","Vitamin tổng hợp cho mèo"
"889","5","Thuốc tẩy giun cho mèo"
"890","11","Vitamin tăng đề kháng cho chó"
"890","10","Xương gặm sạch răng cho chó"
"890","7","Đồ chơi chuột giả cho mèo"
"891","4","Vitamin tổng hợp cho mèo"
"891","5","Thuốc tẩy giun cho mèo"
"891","6","Sữa tắm cho mèo"
"892","1","Hạt mèo Whiskas 1kg"
"892","2","Pate mèo cá ngừ"
"892","3","Cát vệ sinh mèo 10L"
"893","1","Hạt mèo Whiskas 1kg"
"893","2","Pate mèo cá ngừ"
"894","1","Hạt mèo Whiskas 1kg"
"894","2","Pate mèo cá ngừ"
"894","3","Cát vệ sinh mèo 10L"
"895","4","Vitamin tổng hợp cho mèo"
"896","14","Vòng cổ chống ve rận cho chó"
"897","17","Bình sữa cho thú con"
"897","18","Khăn ướt vệ sinh thú cưng"
"898","1","Hạt mèo Whiskas 1kg"
"898","2","Pate mèo cá ngừ"
"898","3","Cát vệ sinh mèo 10L"
"899","1","Hạt mèo Whiskas 1kg"
"899","2","Pate mèo cá ngừ"
"899","3","Cát vệ sinh mèo 10L"
"900","4","Vitamin tổng hợp cho mèo"
"900","5","Thuốc tẩy giun cho mèo"
"901","4","Vitamin tổng hợp cho mèo"
"902","1","Hạt mèo Whiskas 1kg"
"902","2","Pate mèo cá ngừ"
"902","3","Cát vệ sinh mèo 10L"
"903","4","Vitamin tổng hợp cho mèo"
"903","5","Thuốc tẩy giun cho mèo"
"904","4","Vitamin tổng hợp cho mèo"
"905","1","Hạt mèo Whiskas 1kg"
"905","2","Pate mèo cá ngừ"
"905","3","Cát vệ sinh mèo 10L"
"906","4","Vitamin tổng hợp cho mèo"
"906","5","Thuốc tẩy giun cho mèo"
"907","12","Thuốc tiêu chảy cho chó"
"908","9","Pate chó vị bò"
"908","18","Khăn ướt vệ sinh thú cưng"
"908","12","Thuốc tiêu chảy cho chó"
"909","4","Vitamin tổng hợp cho mèo"
"909","5","Thuốc tẩy giun cho mèo"
"910","11","Vitamin tăng đề kháng cho chó"
"910","15","Thuốc nhỏ mắt thú cưng"
"911","1","Hạt mèo Whiskas 1kg"
"911","2","Pate mèo cá ngừ"
"911","3","Cát vệ sinh mèo 10L"
"912","4","Vitamin tổng hợp cho mèo"
"912","5","Thuốc tẩy giun cho mèo"
"913","4","Vitamin tổng hợp cho mèo"
"913","5","Thuốc tẩy giun cho mèo"
"913","6","Sữa tắm cho mèo"
"914","4","Vitamin tổng hợp cho mèo"
"914","5","Thuốc tẩy giun cho mèo"
"915","4","Vitamin tổng hợp cho mèo"
"915","5","Thuốc tẩy giun cho mèo"
"916","7","Đồ chơi chuột giả cho mèo"
"917","1","Hạt mèo Whiskas 1kg"
"917","2","Pate mèo cá ngừ"
"918","20","Bát ăn inox cho chó mèo"
"918","9","Pate chó vị bò"
"918","18","Khăn ướt vệ sinh thú cưng"
"919","4","Vitamin tổng hợp cho mèo"
"919","5","Thuốc tẩy giun cho mèo"
"919","6","Sữa tắm cho mèo"
"920","1","Hạt mèo Whiskas 1kg"
"920","2","Pate mèo cá ngừ"
"920","3","Cát vệ sinh mèo 10L"
"921","1","Hạt mèo Whiskas 1kg"
"921","2","Pate mèo cá ngừ"
"921","3","Cát vệ sinh mèo 10L"
"922","4","Vitamin tổng hợp cho mèo"
"922","5","Thuốc tẩy giun cho mèo"
"923","4","Vitamin tổng hợp cho mèo"
"923","5","Thuốc tẩy giun cho mèo"
"924","1","Hạt mèo Whiskas 1kg"
"924","2","Pate mèo cá ngừ"
"924","3","Cát vệ sinh mèo 10L"
"925","4","Vitamin tổng hợp cho mèo"
"925","5","Thuốc tẩy giun cho mèo"
"926","1","Hạt mèo Whiskas 1kg"
"926","2","Pate mèo cá ngừ"
"926","3","Cát vệ sinh mèo 10L"
"927","1","Hạt mèo Whiskas 1kg"
"927","2","Pate mèo cá ngừ"
"927","3","Cát vệ sinh mèo 10L"
"928","4","Vitamin tổng hợp cho mèo"
"929","1","Hạt mèo Whiskas 1kg"
"929","2","Pate mèo cá ngừ"
"929","3","Cát vệ sinh mèo 10L"
"930","11","Vitamin tăng đề kháng cho chó"
"931","4","Vitamin tổng hợp cho mèo"
"931","6","Sữa tắm cho mèo"
"932","4","Vitamin tổng hợp cho mèo"
"932","5","Thuốc tẩy giun cho mèo"
"933","4","Vitamin tổng hợp cho mèo"
"933","5","Thuốc tẩy giun cho mèo"
"933","6","Sữa tắm cho mèo"
"934","1","Hạt mèo Whiskas 1kg"
"934","2","Pate mèo cá ngừ"
"934","3","Cát vệ sinh mèo 10L"
"935","1","Hạt mèo Whiskas 1kg"
"935","2","Pate mèo cá ngừ"
"935","3","Cát vệ sinh mèo 10L"
"936","12","Thuốc tiêu chảy cho chó"
"936","11","Vitamin tăng đề kháng cho chó"
"937","1","Hạt mèo Whiskas 1kg"
"937","2","Pate mèo cá ngừ"
"937","3","Cát vệ sinh mèo 10L"
"938","1","Hạt mèo Whiskas 1kg"
"938","2","Pate mèo cá ngừ"
"938","3","Cát vệ sinh mèo 10L"
"939","1","Hạt mèo Whiskas 1kg"
"939","2","Pate mèo cá ngừ"
"939","3","Cát vệ sinh mèo 10L"
"940","4","Vitamin tổng hợp cho mèo"
"940","6","Sữa tắm cho mèo"
"941","4","Vitamin tổng hợp cho mèo"
"941","5","Thuốc tẩy giun cho mèo"
"942","1","Hạt mèo Whiskas 1kg"
"942","2","Pate mèo cá ngừ"
"942","3","Cát vệ sinh mèo 10L"
"943","1","Hạt mèo Whiskas 1kg"
"943","2","Pate mèo cá ngừ"
"943","3","Cát vệ sinh mèo 10L"
"944","1","Hạt mèo Whiskas 1kg"
"944","2","Pate mèo cá ngừ"
"945","4","Vitamin tổng hợp cho mèo"
"945","5","Thuốc tẩy giun cho mèo"
"945","6","Sữa tắm cho mèo"
"946","14","Vòng cổ chống ve rận cho chó"
"946","15","Thuốc nhỏ mắt thú cưng"
"947","19","Lồng vận chuyển thú cưng"
"948","1","Hạt mèo Whiskas 1kg"
"948","2","Pate mèo cá ngừ"
"948","3","Cát vệ sinh mèo 10L"
"949","13","Sữa tắm cho chó"
"949","15","Thuốc nhỏ mắt thú cưng"
"950","1","Hạt mèo Whiskas 1kg"
"950","2","Pate mèo cá ngừ"
"950","3","Cát vệ sinh mèo 10L"
"951","4","Vitamin tổng hợp cho mèo"
"951","5","Thuốc tẩy giun cho mèo"
"951","6","Sữa tắm cho mèo"
"952","17","Bình sữa cho thú con"
"953","1","Hạt mèo Whiskas 1kg"
"953","2","Pate mèo cá ngừ"
"953","3","Cát vệ sinh mèo 10L"
"954","1","Hạt mèo Whiskas 1kg"
"954","2","Pate mèo cá ngừ"
"954","3","Cát vệ sinh mèo 10L"
"955","4","Vitamin tổng hợp cho mèo"
"955","5","Thuốc tẩy giun cho mèo"
"956","18","Khăn ướt vệ sinh thú cưng"
"956","15","Thuốc nhỏ mắt thú cưng"
"957","1","Hạt mèo Whiskas 1kg"
"957","2","Pate mèo cá ngừ"
"957","3","Cát vệ sinh mèo 10L"
"958","17","Bình sữa cho thú con"
"958","19","Lồng vận chuyển thú cưng"
"959","4","Vitamin tổng hợp cho mèo"
"959","5","Thuốc tẩy giun cho mèo"
"960","4","Vitamin tổng hợp cho mèo"
"960","5","Thuốc tẩy giun cho mèo"
"960","6","Sữa tắm cho mèo"
"961","13","Sữa tắm cho chó"
"962","4","Vitamin tổng hợp cho mèo"
"962","5","Thuốc tẩy giun cho mèo"
"962","6","Sữa tắm cho mèo"
"963","15","Thuốc nhỏ mắt thú cưng"
"964","20","Bát ăn inox cho chó mèo"
"964","18","Khăn ướt vệ sinh thú cưng"
"965","20","Bát ăn inox cho chó mèo"
"965","18","Khăn ướt vệ sinh thú cưng"
"965","12","Thuốc tiêu chảy cho chó"
"966","4","Vitamin tổng hợp cho mèo"
"966","5","Thuốc tẩy giun cho mèo"
"967","1","Hạt mèo Whiskas 1kg"
"967","2","Pate mèo cá ngừ"
"967","3","Cát vệ sinh mèo 10L"
"968","13","Sữa tắm cho chó"
"968","17","Bình sữa cho thú con"
"969","1","Hạt mèo Whiskas 1kg"
"969","2","Pate mèo cá ngừ"
"970","20","Bát ăn inox cho chó mèo"
"971","9","Pate chó vị bò"
"971","17","Bình sữa cho thú con"
"972","9","Pate chó vị bò"
"973","4","Vitamin tổng hợp cho mèo"
"973","5","Thuốc tẩy giun cho mèo"
"973","6","Sữa tắm cho mèo"
"974","1","Hạt mèo Whiskas 1kg"
"974","2","Pate mèo cá ngừ"
"975","1","Hạt mèo Whiskas 1kg"
"975","2","Pate mèo cá ngừ"
"975","3","Cát vệ sinh mèo 10L"
"976","4","Vitamin tổng hợp cho mèo"
"976","5","Thuốc tẩy giun cho mèo"
"976","6","Sữa tắm cho mèo"
"977","1","Hạt mèo Whiskas 1kg"
"977","2","Pate mèo cá ngừ"
"977","3","Cát vệ sinh mèo 10L"
"978","1","Hạt mèo Whiskas 1kg"
"978","2","Pate mèo cá ngừ"
"979","1","Hạt mèo Whiskas 1kg"
"979","2","Pate mèo cá ngừ"
"979","3","Cát vệ sinh mèo 10L"
"980","19","Lồng vận chuyển thú cưng"
"981","1","Hạt mèo Whiskas 1kg"
"981","2","Pate mèo cá ngừ"
"981","3","Cát vệ sinh mèo 10L"
"982","4","Vitamin tổng hợp cho mèo"
"982","5","Thuốc tẩy giun cho mèo"
"982","6","Sữa tắm cho mèo"
"983","1","Hạt mèo Whiskas 1kg"
"983","2","Pate mèo cá ngừ"
"984","11","Vitamin tăng đề kháng cho chó"
"985","16","Men tiêu hóa thú cưng"
"986","4","Vitamin tổng hợp cho mèo"
"986","5","Thuốc tẩy giun cho mèo"
"986","6","Sữa tắm cho mèo"
"987","1","Hạt mèo Whiskas 1kg"
"987","2","Pate mèo cá ngừ"
"987","3","Cát vệ sinh mèo 10L"
"988","4","Vitamin tổng hợp cho mèo"
"988","5","Thuốc tẩy giun cho mèo"
"989","1","Hạt mèo Whiskas 1kg"
"989","2","Pate mèo cá ngừ"
"990","1","Hạt mèo Whiskas 1kg"
"990","2","Pate mèo cá ngừ"
"990","3","Cát vệ sinh mèo 10L"
"991","4","Vitamin tổng hợp cho mèo"
"991","5","Thuốc tẩy giun cho mèo"
"992","1","Hạt mèo Whiskas 1kg"
"992","2","Pate mèo cá ngừ"
"992","3","Cát vệ sinh mèo 10L"
"993","4","Vitamin tổng hợp cho mèo"
"993","5","Thuốc tẩy giun cho mèo"
"993","6","Sữa tắm cho mèo"
"994","1","Hạt mèo Whiskas 1kg"
"994","2","Pate mèo cá ngừ"
"995","1","Hạt mèo Whiskas 1kg"
"995","2","Pate mèo cá ngừ"
"996","4","Vitamin tổng hợp cho mèo"
"996","5","Thuốc tẩy giun cho mèo"
"997","1","Hạt mèo Whiskas 1kg"
"997","2","Pate mèo cá ngừ"
"997","3","Cát vệ sinh mèo 10L"
"998","1","Hạt mèo Whiskas 1kg"
"998","2","Pate mèo cá ngừ"
"999","1","Hạt mèo Whiskas 1kg"
"999","2","Pate mèo cá ngừ"
"1000","1","Hạt mèo Whiskas 1kg"
"1000","2","Pate mèo cá ngừ"
"1000","3","Cát vệ sinh mèo 10L"
"1001","4","Vitamin tổng hợp cho mèo"
"1001","5","Thuốc tẩy giun cho mèo"
"1001","6","Sữa tắm cho mèo"
"1002","20","Bát ăn inox cho chó mèo"
"1003","4","Vitamin tổng hợp cho mèo"
"1004","4","Vitamin tổng hợp cho mèo"
"1005","2","Pate mèo cá ngừ"
"1006","2","Pate mèo cá ngừ"
"1007","2","Pate mèo cá ngừ"
"1008","4","Vitamin tổng hợp cho mèo"
"1009","4","Vitamin tổng hợp cho mèo"
